case,time_utc,organization,validators,validating,validators_down,majority_lost
2020-04-23,2020-04-24T01:00,Blockdaemon Inc.,3,3,,
2020-04-23,2020-04-24T01:00,COINQVEST Limited,3,3,,
2020-04-23,2020-04-24T01:00,Keybase,3,3,,
2020-04-23,2020-04-24T01:00,LOBSTR,5,5,,
2020-04-23,2020-04-24T01:00,SatoshiPay,3,3,,
2020-04-23,2020-04-24T01:00,Stellar Development Foundation,3,0,SDF 1; SDF 3; SDF 2,x
2020-04-23,2020-04-24T01:00,Wirex Limited,3,3,,
2020-04-23,2020-04-24T05:00,Blockdaemon Inc.,3,3,,
2020-04-23,2020-04-24T05:00,COINQVEST Limited,3,3,,
2020-04-23,2020-04-24T05:00,Keybase,3,3,,
2020-04-23,2020-04-24T05:00,LOBSTR,5,5,,
2020-04-23,2020-04-24T05:00,SatoshiPay,3,3,,
2020-04-23,2020-04-24T05:00,Stellar Development Foundation,3,0,SDF 1; SDF 3; SDF 2,x
2020-04-23,2020-04-24T05:00,Wirex Limited,3,3,,
2020-05-22,2020-05-23T12:00,Blockdaemon Inc.,3,3,,
2020-05-22,2020-05-23T12:00,COINQVEST Limited,3,3,,
2020-05-22,2020-05-23T12:00,Keybase,3,3,,
2020-05-22,2020-05-23T12:00,LOBSTR,5,5,,
2020-05-22,2020-05-23T12:00,SatoshiPay,3,3,,
2020-05-22,2020-05-23T12:00,Stellar Development Foundation,3,3,,
2020-05-22,2020-05-23T12:00,Wirex Limited,3,3,,
2020-05-22,2020-05-27T12:00,Blockdaemon Inc.,3,3,,
2020-05-22,2020-05-27T12:00,COINQVEST Limited,3,3,,
2020-05-22,2020-05-27T12:00,Keybase,3,3,,
2020-05-22,2020-05-27T12:00,LOBSTR,5,5,,
2020-05-22,2020-05-27T12:00,SatoshiPay,3,3,,
2020-05-22,2020-05-27T12:00,Stellar Development Foundation,3,3,,
2020-05-22,2020-05-27T12:00,Wirex Limited,3,3,,
2021-04-06,2021-04-06T10:00,Blockdaemon Inc.,3,3,,
2021-04-06,2021-04-06T10:00,COINQVEST OÜ,3,3,,
2021-04-06,2021-04-06T10:00,Keybase,3,3,,
2021-04-06,2021-04-06T10:00,LOBSTR,5,5,,
2021-04-06,2021-04-06T10:00,SatoshiPay,3,3,,
2021-04-06,2021-04-06T10:00,Stellar Development Foundation,3,3,,
2021-04-06,2021-04-06T10:00,Wirex Limited,3,3,,
2021-04-06,2021-04-06T16:00,Blockdaemon Inc.,3,3,,
2021-04-06,2021-04-06T16:00,COINQVEST OÜ,3,3,,
2021-04-06,2021-04-06T16:00,Keybase,3,3,,
2021-04-06,2021-04-06T16:00,LOBSTR,5,0,LOBSTR 2 (Europe); LOBSTR 1 (Europe); LOBSTR 3 (North America); LOBSTR 5 (Australia); LOBSTR 4 (Asia),x
2021-04-06,2021-04-06T16:00,SatoshiPay,3,3,,
2021-04-06,2021-04-06T16:00,Stellar Development Foundation,3,0,SDF 1; SDF 3; SDF 2,x
2021-04-06,2021-04-06T16:00,Wirex Limited,3,3,,
2021-04-06,2021-04-07T12:00,Blockdaemon Inc.,3,3,,
2021-04-06,2021-04-07T12:00,COINQVEST OÜ,3,3,,
2021-04-06,2021-04-07T12:00,Keybase,3,3,,
2021-04-06,2021-04-07T12:00,LOBSTR,5,5,,
2021-04-06,2021-04-07T12:00,SatoshiPay,3,3,,
2021-04-06,2021-04-07T12:00,Stellar Development Foundation,3,3,,
2021-04-06,2021-04-07T12:00,Wirex Limited,3,3,,
2022-07-26,2022-07-26T20:00,Blockdaemon Inc.,3,3,,
2022-07-26,2022-07-26T20:00,COINQVEST LLC,3,3,,
2022-07-26,2022-07-26T20:00,LOBSTR,5,5,,
2022-07-26,2022-07-26T20:00,Public Node,3,3,,
2022-07-26,2022-07-26T20:00,SatoshiPay,3,3,,
2022-07-26,2022-07-26T20:00,Stellar Development Foundation,3,3,,
2022-07-26,2022-07-26T20:00,Wirex Limited,3,1,Wirex United Kingdom; Wirex Singapore,x
2022-07-26,2022-07-27T08:00,Blockdaemon Inc.,3,3,,
2022-07-26,2022-07-27T08:00,COINQVEST LLC,3,3,,
2022-07-26,2022-07-27T08:00,LOBSTR,5,5,,
2022-07-26,2022-07-27T08:00,Public Node,3,3,,
2022-07-26,2022-07-27T08:00,SatoshiPay,3,3,,
2022-07-26,2022-07-27T08:00,Stellar Development Foundation,3,3,,
2022-07-26,2022-07-27T08:00,Wirex Limited,3,0,Wirex United States; Wirex United Kingdom; Wirex Singapore,x
2022-12-13,2022-12-13T20:00,Blockdaemon Inc.,3,3,,
2022-12-13,2022-12-13T20:00,COINQVEST LLC,3,3,,
2022-12-13,2022-12-13T20:00,Franklin Templeton,3,3,,
2022-12-13,2022-12-13T20:00,LOBSTR,5,5,,
2022-12-13,2022-12-13T20:00,Public Node,3,3,,
2022-12-13,2022-12-13T20:00,SatoshiPay,3,3,,
2022-12-13,2022-12-13T20:00,Stellar Development Foundation,3,3,,
2022-12-13,2022-12-13T20:00,Wirex Limited,3,0,Wirex United States; Wirex United Kingdom; Wirex Singapore,x
2022-12-13,2022-12-15T12:00,Blockdaemon Inc.,3,3,,
2022-12-13,2022-12-15T12:00,COINQVEST LLC,3,3,,
2022-12-13,2022-12-15T12:00,Franklin Templeton,3,3,,
2022-12-13,2022-12-15T12:00,LOBSTR,5,5,,
2022-12-13,2022-12-15T12:00,Public Node,3,3,,
2022-12-13,2022-12-15T12:00,SatoshiPay,3,3,,
2022-12-13,2022-12-15T12:00,Stellar Development Foundation,3,3,,
2022-12-13,2022-12-15T12:00,Wirex Limited,3,0,Wirex United States; Wirex United Kingdom; Wirex Singapore,x
2023-09-14,2023-09-14T05:00,Blockdaemon Inc.,3,0,Blockdaemon Validator 2; Blockdaemon Validator 3; Blockdaemon Validator 1,x
2023-09-14,2023-09-14T05:00,COINQVEST LLC,3,0,COINQVEST (Hong Kong); COINQVEST (Germany); COINQVEST (Finland),x
2023-09-14,2023-09-14T05:00,Franklin Templeton,3,0,FT SCV 3; FT SCV 1; FT SCV 2,x
2023-09-14,2023-09-14T05:00,LOBSTR,5,0,LOBSTR 1 (Europe); LOBSTR 3 (North America); LOBSTR 2 (Europe); LOBSTR 5 (India); LOBSTR 4 (Asia),x
2023-09-14,2023-09-14T05:00,Public Node,3,0,Hercules by OG Technologies; Boötes; Lyra by BP Ventures,x
2023-09-14,2023-09-14T05:00,SatoshiPay,3,0,SatoshiPay Singapore; SatoshiPay Iowa; SatoshiPay Frankfurt,x
2023-09-14,2023-09-14T05:00,Stellar Development Foundation,3,0,SDF 1; SDF 3; SDF 2,x
2023-09-14,2023-09-14T05:00,lobstr.co,1,0,LOBSTR 2 (Europe),x
2023-09-14,2023-09-14T10:58,Blockdaemon Inc.,3,3,,
2023-09-14,2023-09-14T10:58,COINQVEST LLC,3,3,,
2023-09-14,2023-09-14T10:58,Franklin Templeton,3,3,,
2023-09-14,2023-09-14T10:58,LOBSTR,5,5,,
2023-09-14,2023-09-14T10:58,Public Node,3,0,Hercules by OG Technologies; Boötes; Lyra by BP Ventures,x
2023-09-14,2023-09-14T10:58,SatoshiPay,3,0,SatoshiPay Singapore; SatoshiPay Iowa; SatoshiPay Frankfurt,x
2023-09-14,2023-09-14T10:58,Stellar Development Foundation,3,2,SDF 2,
2023-09-14,2023-09-14T10:58,lobstr.co,1,0,LOBSTR 2 (Europe),x
2023-09-14,2023-09-16T12:00,Blockdaemon Inc.,3,3,,
2023-09-14,2023-09-16T12:00,COINQVEST LLC,3,3,,
2023-09-14,2023-09-16T12:00,Franklin Templeton,3,3,,
2023-09-14,2023-09-16T12:00,LOBSTR,5,5,,
2023-09-14,2023-09-16T12:00,Public Node,3,3,,
2023-09-14,2023-09-16T12:00,SatoshiPay,3,3,,
2023-09-14,2023-09-16T12:00,Stellar Development Foundation,3,3,,
2023-09-14,2023-09-16T12:00,lobstr.co,1,0,LOBSTR 2 (Europe),x
2024-10-03,2024-10-05T12:00,Blockdaemon Inc.,3,3,,
2024-10-03,2024-10-05T12:00,Franklin Templeton,3,3,,
2024-10-03,2024-10-05T12:00,LOBSTR,5,5,,
2024-10-03,2024-10-05T12:00,Public Node,3,3,,
2024-10-03,2024-10-05T12:00,SatoshiPay,3,3,,
2024-10-03,2024-10-05T12:00,Stellar Development Foundation,3,3,,
2024-10-03,2024-10-05T12:00,Whalestack LLC,3,3,,
2025-08-22,2025-08-23T12:00,Blockdaemon Inc.,3,3,,
2025-08-22,2025-08-23T12:00,Creit Technologies LLP,3,3,,
2025-08-22,2025-08-23T12:00,Franklin Templeton,3,3,,
2025-08-22,2025-08-23T12:00,LOBSTR,3,3,,
2025-08-22,2025-08-23T12:00,Public Node,3,3,,
2025-08-22,2025-08-23T12:00,SatoshiPay,3,0,SatoshiPay Singapore; SatoshiPay Iowa; SatoshiPay Frankfurt,x
2025-08-22,2025-08-23T12:00,Stellar Development Foundation,3,3,,
2025-08-22,2025-08-25T06:00,Blockdaemon Inc.,3,3,,
2025-08-22,2025-08-25T06:00,Creit Technologies LLP,3,3,,
2025-08-22,2025-08-25T06:00,Franklin Templeton,3,3,,
2025-08-22,2025-08-25T06:00,LOBSTR,3,3,,
2025-08-22,2025-08-25T06:00,Public Node,3,3,,
2025-08-22,2025-08-25T06:00,SatoshiPay,3,0,SatoshiPay Singapore; SatoshiPay Iowa; SatoshiPay Frankfurt,x
2025-08-22,2025-08-25T06:00,Stellar Development Foundation,3,3,,
2026-10-01,2026-10-01T09:00,Blockdaemon Inc.,3,3,,
2026-10-01,2026-10-01T09:00,Creit Technologies LLP,3,3,,
2026-10-01,2026-10-01T09:00,Figure Certificate Company,3,3,,
2026-10-01,2026-10-01T09:00,Franklin Templeton,3,3,,
2026-10-01,2026-10-01T09:00,LOBSTR,3,3,,
2026-10-01,2026-10-01T09:00,MoneyGram,3,3,,
2026-10-01,2026-10-01T09:00,OBSRVR,3,3,,
2026-10-01,2026-10-01T09:00,Public Node,3,3,,
2026-10-01,2026-10-01T09:00,Range,3,3,,
2026-10-01,2026-10-01T09:00,Stellar Development Foundation,3,3,,
2026-10-01,2026-10-01T23:00,Blockdaemon Inc.,3,3,,
2026-10-01,2026-10-01T23:00,Creit Technologies LLP,3,3,,
2026-10-01,2026-10-01T23:00,Figure Certificate Company,3,3,,
2026-10-01,2026-10-01T23:00,Franklin Templeton,3,3,,
2026-10-01,2026-10-01T23:00,LOBSTR,3,3,,
2026-10-01,2026-10-01T23:00,MoneyGram,3,3,,
2026-10-01,2026-10-01T23:00,OBSRVR,3,3,,
2026-10-01,2026-10-01T23:00,Public Node,3,3,,
2026-10-01,2026-10-01T23:00,Range,3,3,,
2026-10-01,2026-10-01T23:00,Stellar Development Foundation,3,3,,
2021-04-13,2021-04-13T11:50,Blockdaemon Inc.,3,3,,
2021-04-13,2021-04-13T11:50,COINQVEST OÜ,3,3,,
2021-04-13,2021-04-13T11:50,Keybase,3,3,,
2021-04-13,2021-04-13T11:50,LOBSTR,5,5,,
2021-04-13,2021-04-13T11:50,SatoshiPay,3,3,,
2021-04-13,2021-04-13T11:50,Stellar Development Foundation,3,3,,
2021-04-13,2021-04-13T11:50,Wirex Limited,3,3,,
2021-04-13,2021-04-13T15:00,Blockdaemon Inc.,3,3,,
2021-04-13,2021-04-13T15:00,COINQVEST OÜ,3,3,,
2021-04-13,2021-04-13T15:00,Keybase,3,3,,
2021-04-13,2021-04-13T15:00,LOBSTR,5,5,,
2021-04-13,2021-04-13T15:00,SatoshiPay,3,3,,
2021-04-13,2021-04-13T15:00,Stellar Development Foundation,3,3,,
2021-04-13,2021-04-13T15:00,Wirex Limited,3,3,,
2021-04-13,2021-04-19T08:10,Blockdaemon Inc.,3,3,,
2021-04-13,2021-04-19T08:10,COINQVEST OÜ,3,3,,
2021-04-13,2021-04-19T08:10,Keybase,3,3,,
2021-04-13,2021-04-19T08:10,LOBSTR,5,5,,
2021-04-13,2021-04-19T08:10,SatoshiPay,3,3,,
2021-04-13,2021-04-19T08:10,Stellar Development Foundation,3,3,,
2021-04-13,2021-04-19T08:10,Wirex Limited,3,3,,
2022-02-26,2022-02-27T12:00,Blockdaemon Inc.,3,3,,
2022-02-26,2022-02-27T12:00,COINQVEST OÜ,3,3,,
2022-02-26,2022-02-27T12:00,Keybase,3,2,Keybase 0,
2022-02-26,2022-02-27T12:00,LOBSTR,5,5,,
2022-02-26,2022-02-27T12:00,SatoshiPay,3,3,,
2022-02-26,2022-02-27T12:00,Stellar Development Foundation,3,3,,
2022-02-26,2022-02-27T12:00,Wirex Limited,3,3,,
2022-02-26,2022-03-01T12:00,Blockdaemon Inc.,3,3,,
2022-02-26,2022-03-01T12:00,COINQVEST OÜ,3,3,,
2022-02-26,2022-03-01T12:00,Keybase,3,2,Keybase 0,
2022-02-26,2022-03-01T12:00,LOBSTR,5,5,,
2022-02-26,2022-03-01T12:00,SatoshiPay,3,3,,
2022-02-26,2022-03-01T12:00,Stellar Development Foundation,3,3,,
2022-02-26,2022-03-01T12:00,Wirex Limited,3,3,,
2022-02-26,2022-03-10T12:00,Blockdaemon Inc.,3,3,,
2022-02-26,2022-03-10T12:00,COINQVEST OÜ,3,3,,
2022-02-26,2022-03-10T12:00,Keybase,3,2,Keybase 0,
2022-02-26,2022-03-10T12:00,LOBSTR,5,5,,
2022-02-26,2022-03-10T12:00,SatoshiPay,3,3,,
2022-02-26,2022-03-10T12:00,Stellar Development Foundation,3,3,,
2022-02-26,2022-03-10T12:00,Wirex Limited,3,3,,
2022-02-26,2022-03-22T00:15,Blockdaemon Inc.,3,3,,
2022-02-26,2022-03-22T00:15,COINQVEST OÜ,3,3,,
2022-02-26,2022-03-22T00:15,Keybase,3,2,Keybase 0,
2022-02-26,2022-03-22T00:15,LOBSTR,5,5,,
2022-02-26,2022-03-22T00:15,SatoshiPay,3,3,,
2022-02-26,2022-03-22T00:15,Stellar Development Foundation,3,3,,
2022-02-26,2022-03-22T00:15,Wirex Limited,3,3,,
2022-06-24,2022-06-24T06:55,Blockdaemon Inc.,3,3,,
2022-06-24,2022-06-24T06:55,COINQVEST LLC,3,3,,
2022-06-24,2022-06-24T06:55,LOBSTR,5,5,,
2022-06-24,2022-06-24T06:55,Public Node,3,3,,
2022-06-24,2022-06-24T06:55,SatoshiPay,3,3,,
2022-06-24,2022-06-24T06:55,Stellar Development Foundation,3,3,,
2022-06-24,2022-06-24T06:55,Wirex Limited,3,3,,
2022-07-10,2022-07-11T12:00,Blockdaemon Inc.,3,3,,
2022-07-10,2022-07-11T12:00,COINQVEST LLC,3,3,,
2022-07-10,2022-07-11T12:00,LOBSTR,5,5,,
2022-07-10,2022-07-11T12:00,Public Node,3,3,,
2022-07-10,2022-07-11T12:00,SatoshiPay,3,3,,
2022-07-10,2022-07-11T12:00,Stellar Development Foundation,3,3,,
2022-07-10,2022-07-11T12:00,Wirex Limited,3,2,Wirex United States,
2022-07-10,2022-07-13T12:00,Blockdaemon Inc.,3,3,,
2022-07-10,2022-07-13T12:00,COINQVEST LLC,3,3,,
2022-07-10,2022-07-13T12:00,LOBSTR,5,5,,
2022-07-10,2022-07-13T12:00,Public Node,3,3,,
2022-07-10,2022-07-13T12:00,SatoshiPay,3,3,,
2022-07-10,2022-07-13T12:00,Stellar Development Foundation,3,3,,
2022-07-10,2022-07-13T12:00,Wirex Limited,3,0,Wirex United States; Wirex United Kingdom; Wirex Singapore,x
2022-07-10,2022-07-24T20:00,Blockdaemon Inc.,3,3,,
2022-07-10,2022-07-24T20:00,COINQVEST LLC,3,3,,
2022-07-10,2022-07-24T20:00,LOBSTR,5,5,,
2022-07-10,2022-07-24T20:00,Public Node,3,3,,
2022-07-10,2022-07-24T20:00,SatoshiPay,3,3,,
2022-07-10,2022-07-24T20:00,Stellar Development Foundation,3,3,,
2022-07-10,2022-07-24T20:00,Wirex Limited,3,2,Wirex United Kingdom,
2025-01-08,2025-01-09T12:00,Blockdaemon Inc.,3,3,,
2025-01-08,2025-01-09T12:00,Franklin Templeton,3,3,,
2025-01-08,2025-01-09T12:00,LOBSTR,5,5,,
2025-01-08,2025-01-09T12:00,Public Node,3,3,,
2025-01-08,2025-01-09T12:00,SatoshiPay,3,3,,
2025-01-08,2025-01-09T12:00,Stellar Development Foundation,3,3,,
2025-01-08,2025-01-09T12:00,Whalestack LLC,3,3,,
2025-04-23,2025-04-24T12:00,Blockdaemon Inc.,3,3,,
2025-04-23,2025-04-24T12:00,Creit Technologies LLP,3,3,,
2025-04-23,2025-04-24T12:00,Franklin Templeton,3,3,,
2025-04-23,2025-04-24T12:00,LOBSTR,3,3,,
2025-04-23,2025-04-24T12:00,Public Node,3,3,,
2025-04-23,2025-04-24T12:00,SatoshiPay,3,3,,
2025-04-23,2025-04-24T12:00,Stellar Development Foundation,3,3,,
2025-04-23,2025-04-24T12:00,lobstr.co,2,0,LOBSTR 3 (North America); LOBSTR 4 (Asia),x
2026-07-15,2026-07-15T15:00,Blockdaemon Inc.,3,3,,
2026-07-15,2026-07-15T15:00,Creit Technologies LLP,3,3,,
2026-07-15,2026-07-15T15:00,Franklin Templeton,3,3,,
2026-07-15,2026-07-15T15:00,LOBSTR,3,3,,
2026-07-15,2026-07-15T15:00,Public Node,3,3,,
2026-07-15,2026-07-15T15:00,SatoshiPay,3,3,,
2026-07-15,2026-07-15T15:00,Stellar Development Foundation,3,3,,
2026-07-15,2026-07-16T12:00,Blockdaemon Inc.,3,3,,
2026-07-15,2026-07-16T12:00,Creit Technologies LLP,3,3,,
2026-07-15,2026-07-16T12:00,Franklin Templeton,3,3,,
2026-07-15,2026-07-16T12:00,LOBSTR,3,3,,
2026-07-15,2026-07-16T12:00,Public Node,3,3,,
2026-07-15,2026-07-16T12:00,SatoshiPay,3,3,,
2026-07-15,2026-07-16T12:00,Stellar Development Foundation,3,3,,
2026-08-27,2026-08-27T10:00,Blockdaemon Inc.,3,3,,
2026-08-27,2026-08-27T10:00,Creit Technologies LLP,3,3,,
2026-08-27,2026-08-27T10:00,Franklin Templeton,3,3,,
2026-08-27,2026-08-27T10:00,LOBSTR,3,3,,
2026-08-27,2026-08-27T10:00,OBSRVR,3,3,,
2026-08-27,2026-08-27T10:00,Public Node,3,3,,
2026-08-27,2026-08-27T10:00,Stellar Development Foundation,3,3,,
2026-08-27,2026-08-27T11:30,Blockdaemon Inc.,3,3,,
2026-08-27,2026-08-27T11:30,Creit Technologies LLP,3,3,,
2026-08-27,2026-08-27T11:30,Franklin Templeton,3,3,,
2026-08-27,2026-08-27T11:30,LOBSTR,3,2,LOBSTR 5 (India),
2026-08-27,2026-08-27T11:30,OBSRVR,3,3,,
2026-08-27,2026-08-27T11:30,Public Node,3,3,,
2026-08-27,2026-08-27T11:30,Stellar Development Foundation,3,3,,
2026-08-27,2026-08-27T15:00,Blockdaemon Inc.,3,3,,
2026-08-27,2026-08-27T15:00,Creit Technologies LLP,3,3,,
2026-08-27,2026-08-27T15:00,Franklin Templeton,3,3,,
2026-08-27,2026-08-27T15:00,LOBSTR,3,3,,
2026-08-27,2026-08-27T15:00,OBSRVR,3,3,,
2026-08-27,2026-08-27T15:00,Public Node,3,3,,
2026-08-27,2026-08-27T15:00,Stellar Development Foundation,3,3,,
2026-08-27,2026-08-28T12:00,Blockdaemon Inc.,3,3,,
2026-08-27,2026-08-28T12:00,Creit Technologies LLP,3,3,,
2026-08-27,2026-08-28T12:00,Franklin Templeton,3,3,,
2026-08-27,2026-08-28T12:00,LOBSTR,3,3,,
2026-08-27,2026-08-28T12:00,OBSRVR,3,3,,
2026-08-27,2026-08-28T12:00,Public Node,3,3,,
2026-08-27,2026-08-28T12:00,Stellar Development Foundation,3,3,,
2019-06-05,2019-06-05T17:45,coinqvest.com,3,3,,
2019-06-05,2019-06-05T17:45,keybase.io,3,3,,
2019-06-05,2019-06-05T17:45,lobstr.co,5,5,,
2019-06-05,2019-06-05T17:45,satoshipay.io,3,3,,
2019-06-05,2019-06-05T17:45,www.stellar.org,3,3,,
2020-05-10,2020-05-10T17:25,Blockdaemon Inc.,3,3,,
2020-05-10,2020-05-10T17:25,COINQVEST Limited,3,3,,
2020-05-10,2020-05-10T17:25,Keybase,3,3,,
2020-05-10,2020-05-10T17:25,LOBSTR,5,5,,
2020-05-10,2020-05-10T17:25,SatoshiPay,3,3,,
2020-05-10,2020-05-10T17:25,Stellar Development Foundation,3,1,SDF 3; SDF 2,x
2020-05-10,2020-05-10T17:25,Wirex Limited,3,3,,
2020-05-15,2020-05-15T20:15,Blockdaemon Inc.,3,3,,
2020-05-15,2020-05-15T20:15,COINQVEST Limited,3,3,,
2020-05-15,2020-05-15T20:15,Keybase,3,3,,
2020-05-15,2020-05-15T20:15,LOBSTR,5,5,,
2020-05-15,2020-05-15T20:15,SatoshiPay,3,3,,
2020-05-15,2020-05-15T20:15,Stellar Development Foundation,3,3,,
2020-05-15,2020-05-15T20:15,Wirex Limited,3,3,,
2020-05-21,2020-05-21T14:12,Blockdaemon Inc.,3,3,,
2020-05-21,2020-05-21T14:12,COINQVEST Limited,3,3,,
2020-05-21,2020-05-21T14:12,Keybase,3,3,,
2020-05-21,2020-05-21T14:12,LOBSTR,5,5,,
2020-05-21,2020-05-21T14:12,SatoshiPay,3,2,"SatoshiPay (SG, Singapore)",
2020-05-21,2020-05-21T14:12,Stellar Development Foundation,3,3,,
2020-05-21,2020-05-21T14:12,Wirex Limited,3,3,,
2020-05-31,2020-05-31T12:33,Blockdaemon Inc.,3,3,,
2020-05-31,2020-05-31T12:33,COINQVEST Limited,3,3,,
2020-05-31,2020-05-31T12:33,Keybase,3,3,,
2020-05-31,2020-05-31T12:33,LOBSTR,5,5,,
2020-05-31,2020-05-31T12:33,SatoshiPay,3,1,"SatoshiPay (SG, Singapore); SatoshiPay (DE, Frankfurt)",x
2020-05-31,2020-05-31T12:33,Stellar Development Foundation,3,3,,
2020-05-31,2020-05-31T12:33,Wirex Limited,3,3,,
2020-06-02,2020-06-02T15:44,Blockdaemon Inc.,3,2,Blockdaemon Validator 3,
2020-06-02,2020-06-02T15:44,COINQVEST Limited,3,2,COINQVEST (Germany),
2020-06-02,2020-06-02T15:44,Keybase,3,3,,
2020-06-02,2020-06-02T15:44,LOBSTR,5,5,,
2020-06-02,2020-06-02T15:44,SatoshiPay,3,2,"SatoshiPay (US, Iowa)",
2020-06-02,2020-06-02T15:44,Stellar Development Foundation,3,3,,
2020-06-02,2020-06-02T15:44,Wirex Limited,3,3,,
2021-09-01a,2021-09-01T06:38,Blockdaemon Inc.,3,3,,
2021-09-01a,2021-09-01T06:38,COINQVEST OÜ,3,3,,
2021-09-01a,2021-09-01T06:38,Keybase,3,3,,
2021-09-01a,2021-09-01T06:38,LOBSTR,5,5,,
2021-09-01a,2021-09-01T06:38,SatoshiPay,3,1,"SatoshiPay (SG, Singapore); SatoshiPay (US, Iowa)",x
2021-09-01a,2021-09-01T06:38,Stellar Development Foundation,3,3,,
2021-09-01a,2021-09-01T06:38,Wirex Limited,3,3,,
2021-09-01b,2021-09-01T12:18,Blockdaemon Inc.,3,3,,
2021-09-01b,2021-09-01T12:18,COINQVEST OÜ,3,3,,
2021-09-01b,2021-09-01T12:18,Keybase,3,3,,
2021-09-01b,2021-09-01T12:18,LOBSTR,5,5,,
2021-09-01b,2021-09-01T12:18,SatoshiPay,3,1,"SatoshiPay (SG, Singapore); SatoshiPay (US, Iowa)",x
2021-09-01b,2021-09-01T12:18,Stellar Development Foundation,3,3,,
2021-09-01b,2021-09-01T12:18,Wirex Limited,3,3,,
2021-09-13,2021-09-13T23:44,Blockdaemon Inc.,3,3,,
2021-09-13,2021-09-13T23:44,COINQVEST OÜ,3,3,,
2021-09-13,2021-09-13T23:44,Keybase,3,3,,
2021-09-13,2021-09-13T23:44,LOBSTR,5,5,,
2021-09-13,2021-09-13T23:44,SatoshiPay,3,2,"SatoshiPay (SG, Singapore)",
2021-09-13,2021-09-13T23:44,Stellar Development Foundation,3,3,,
2021-09-13,2021-09-13T23:44,Wirex Limited,3,3,,
2021-10-13,2021-10-13T08:00,Blockdaemon Inc.,3,3,,
2021-10-13,2021-10-13T08:00,COINQVEST OÜ,3,3,,
2021-10-13,2021-10-13T08:00,Keybase,3,3,,
2021-10-13,2021-10-13T08:00,LOBSTR,5,4,LOBSTR 4 (Asia),
2021-10-13,2021-10-13T08:00,SatoshiPay,3,1,"SatoshiPay (SG, Singapore); SatoshiPay (US, Iowa)",x
2021-10-13,2021-10-13T08:00,Stellar Development Foundation,3,3,,
2021-10-13,2021-10-13T08:00,Wirex Limited,3,3,,
2022-07-13,2022-07-13T21:29,Blockdaemon Inc.,3,3,,
2022-07-13,2022-07-13T21:29,COINQVEST LLC,3,3,,
2022-07-13,2022-07-13T21:29,LOBSTR,5,5,,
2022-07-13,2022-07-13T21:29,Public Node,3,3,,
2022-07-13,2022-07-13T21:29,SatoshiPay,3,3,,
2022-07-13,2022-07-13T21:29,Stellar Development Foundation,3,3,,
2022-07-13,2022-07-13T21:29,Wirex Limited,3,0,Wirex United States; Wirex United Kingdom; Wirex Singapore,x
2023-08-24,2023-08-24T12:56,Blockdaemon Inc.,3,3,,
2023-08-24,2023-08-24T12:56,COINQVEST LLC,3,3,,
2023-08-24,2023-08-24T12:56,Franklin Templeton,3,3,,
2023-08-24,2023-08-24T12:56,LOBSTR,5,5,,
2023-08-24,2023-08-24T12:56,Public Node,3,3,,
2023-08-24,2023-08-24T12:56,SatoshiPay,3,2,"SatoshiPay (SG, Singapore)",
2023-08-24,2023-08-24T12:56,Stellar Development Foundation,3,3,,
2023-08-24,2023-08-24T12:56,lobstr.co,1,0,LOBSTR 2 (Europe),x
2024-02-14,2024-02-14T08:46,Blockdaemon Inc.,3,3,,
2024-02-14,2024-02-14T08:46,Franklin Templeton,3,3,,
2024-02-14,2024-02-14T08:46,LOBSTR,5,5,,
2024-02-14,2024-02-14T08:46,Public Node,3,3,,
2024-02-14,2024-02-14T08:46,SatoshiPay,3,1,SatoshiPay Singapore; SatoshiPay Frankfurt,x
2024-02-14,2024-02-14T08:46,Stellar Development Foundation,3,3,,
2024-02-14,2024-02-14T08:46,Whalestack LLC,3,3,,
2024-10-04,2024-10-04T13:34,Blockdaemon Inc.,3,3,,
2024-10-04,2024-10-04T13:34,Franklin Templeton,3,2,FT SCV 1,
2024-10-04,2024-10-04T13:34,LOBSTR,5,5,,
2024-10-04,2024-10-04T13:34,Public Node,3,3,,
2024-10-04,2024-10-04T13:34,SatoshiPay,3,3,,
2024-10-04,2024-10-04T13:34,Stellar Development Foundation,3,3,,
2024-10-04,2024-10-04T13:34,Whalestack LLC,3,3,,
2025-02-18,2025-02-18T14:28,Blockdaemon Inc.,3,3,,
2025-02-18,2025-02-18T14:28,Creit Technologies LLP,3,3,,
2025-02-18,2025-02-18T14:28,Franklin Templeton,3,3,,
2025-02-18,2025-02-18T14:28,LOBSTR,5,5,,
2025-02-18,2025-02-18T14:28,Public Node,3,3,,
2025-02-18,2025-02-18T14:28,SatoshiPay,3,1,SatoshiPay Singapore; SatoshiPay Iowa,x
2025-02-18,2025-02-18T14:28,Stellar Development Foundation,3,3,,
2025-02-25a,2025-02-25T04:10,Blockdaemon Inc.,3,3,,
2025-02-25a,2025-02-25T04:10,Creit Technologies LLP,3,3,,
2025-02-25a,2025-02-25T04:10,Franklin Templeton,3,3,,
2025-02-25a,2025-02-25T04:10,LOBSTR,5,4,LOBSTR 3 (North America),
2025-02-25a,2025-02-25T04:10,Public Node,3,3,,
2025-02-25a,2025-02-25T04:10,SatoshiPay,3,1,SatoshiPay Singapore; SatoshiPay Iowa,x
2025-02-25a,2025-02-25T04:10,Stellar Development Foundation,3,3,,
2025-02-25b,2025-02-25T11:36,Blockdaemon Inc.,3,3,,
2025-02-25b,2025-02-25T11:36,Creit Technologies LLP,3,3,,
2025-02-25b,2025-02-25T11:36,Franklin Templeton,3,3,,
2025-02-25b,2025-02-25T11:36,LOBSTR,5,5,,
2025-02-25b,2025-02-25T11:36,Public Node,3,3,,
2025-02-25b,2025-02-25T11:36,SatoshiPay,3,3,,
2025-02-25b,2025-02-25T11:36,Stellar Development Foundation,3,3,,
2025-02-25c,2025-02-25T21:58,Blockdaemon Inc.,3,3,,
2025-02-25c,2025-02-25T21:58,Creit Technologies LLP,3,3,,
2025-02-25c,2025-02-25T21:58,Franklin Templeton,3,3,,
2025-02-25c,2025-02-25T21:58,LOBSTR,5,4,LOBSTR 3 (North America),
2025-02-25c,2025-02-25T21:58,Public Node,3,3,,
2025-02-25c,2025-02-25T21:58,SatoshiPay,3,1,SatoshiPay Singapore; SatoshiPay Iowa,x
2025-02-25c,2025-02-25T21:58,Stellar Development Foundation,3,3,,
2025-02-26a,2025-02-26T14:44,Blockdaemon Inc.,3,3,,
2025-02-26a,2025-02-26T14:44,Creit Technologies LLP,3,3,,
2025-02-26a,2025-02-26T14:44,Franklin Templeton,3,3,,
2025-02-26a,2025-02-26T14:44,LOBSTR,5,5,,
2025-02-26a,2025-02-26T14:44,Public Node,3,3,,
2025-02-26a,2025-02-26T14:44,SatoshiPay,3,1,SatoshiPay Singapore; SatoshiPay Iowa,x
2025-02-26a,2025-02-26T14:44,Stellar Development Foundation,3,3,,
2025-02-26b,2025-02-26T18:49,Blockdaemon Inc.,3,3,,
2025-02-26b,2025-02-26T18:49,Creit Technologies LLP,3,3,,
2025-02-26b,2025-02-26T18:49,Franklin Templeton,3,3,,
2025-02-26b,2025-02-26T18:49,LOBSTR,5,5,,
2025-02-26b,2025-02-26T18:49,Public Node,3,3,,
2025-02-26b,2025-02-26T18:49,SatoshiPay,3,2,SatoshiPay Singapore,
2025-02-26b,2025-02-26T18:49,Stellar Development Foundation,3,3,,
2025-02-28a,2025-02-28T02:02,Blockdaemon Inc.,3,3,,
2025-02-28a,2025-02-28T02:02,Creit Technologies LLP,3,3,,
2025-02-28a,2025-02-28T02:02,Franklin Templeton,3,3,,
2025-02-28a,2025-02-28T02:02,LOBSTR,5,5,,
2025-02-28a,2025-02-28T02:02,Public Node,3,3,,
2025-02-28a,2025-02-28T02:02,SatoshiPay,3,3,,
2025-02-28a,2025-02-28T02:02,Stellar Development Foundation,3,3,,
2025-02-28b,2025-02-28T15:37,Blockdaemon Inc.,3,3,,
2025-02-28b,2025-02-28T15:37,Creit Technologies LLP,3,3,,
2025-02-28b,2025-02-28T15:37,Franklin Templeton,3,3,,
2025-02-28b,2025-02-28T15:37,LOBSTR,5,5,,
2025-02-28b,2025-02-28T15:37,Public Node,3,3,,
2025-02-28b,2025-02-28T15:37,SatoshiPay,3,3,,
2025-02-28b,2025-02-28T15:37,Stellar Development Foundation,3,3,,
2025-03-02,2025-03-02T16:30,Blockdaemon Inc.,3,3,,
2025-03-02,2025-03-02T16:30,Creit Technologies LLP,3,3,,
2025-03-02,2025-03-02T16:30,Franklin Templeton,3,3,,
2025-03-02,2025-03-02T16:30,LOBSTR,5,5,,
2025-03-02,2025-03-02T16:30,Public Node,3,3,,
2025-03-02,2025-03-02T16:30,SatoshiPay,3,2,SatoshiPay Singapore,
2025-03-02,2025-03-02T16:30,Stellar Development Foundation,3,3,,
2025-09-18,2025-09-18T03:03,Blockdaemon Inc.,3,3,,
2025-09-18,2025-09-18T03:03,Creit Technologies LLP,3,2,Gamma Node Validator,
2025-09-18,2025-09-18T03:03,Franklin Templeton,3,3,,
2025-09-18,2025-09-18T03:03,LOBSTR,3,3,,
2025-09-18,2025-09-18T03:03,Public Node,3,3,,
2025-09-18,2025-09-18T03:03,SatoshiPay,3,3,,
2025-09-18,2025-09-18T03:03,Stellar Development Foundation,3,3,,
