start,end,minutes,scans,topTierSize,topTierOrgsSize,minBlockingSetSize,minBlockingSetOrgsSize,minSplittingSetSize,minSplittingSetOrgsSize
2019-05-31T10:35:09.274Z,2019-06-04T11:03:31.038Z,5788,2016,17,17,4,4,2,2
2019-06-04T11:06:21.811Z,2019-06-10T06:36:37.089Z,8370,2906,17,17,4,4,3,3
2019-06-10T06:42:46.560Z,2019-10-30T15:49:27.674Z,205027,73051,17,5,4,2,3,3
2019-10-30T15:52:40.835Z,2019-10-30T16:12:21.751Z,20,7,20,6,4,2,3,3
2019-10-30T16:15:43.583Z,2020-01-31T23:22:42.844Z,134347,40253,20,6,4,2,4,4
2020-01-31T23:25:49.451Z,2020-02-05T13:56:09.212Z,6630,2068,23,7,4,2,3,3
2020-02-05T14:09:14.114Z,2020-05-22T07:19:24.420Z,153670,46889,23,7,6,3,3,3
2020-05-22T07:24:47.826Z,2020-05-29T18:23:44.174Z,10739,3719,23,7,4,2,3,3
2020-05-29T18:29:35.420Z,2021-04-06T17:01:48.566Z,449192,170547,23,7,6,3,3,3
2021-04-06T17:04:31.665Z,2021-04-06T17:19:38.328Z,15,6,23,7,5,3,3,3
2021-04-06T17:22:33.639Z,2021-04-07T23:35:51.855Z,1813,739,23,7,4,2,3,3
2021-04-07T23:38:37.661Z,2021-04-13T11:28:44.388Z,7910,3132,23,7,6,3,3,3
2021-04-13T11:31:01.999Z,2021-04-13T12:07:09.194Z,36,6,30,9,6,3,3,3
2021-04-13T12:13:57.685Z,2021-04-13T17:33:42.112Z,320,44,30,9,5,3,3,3
2021-04-13T17:40:13.229Z,2021-04-19T07:57:56.287Z,8058,3293,23,7,6,3,3,3
2021-04-19T08:00:22.202Z,2021-04-19T08:18:33.866Z,18,8,22,7,5,3,3,3
2021-04-19T08:20:55.921Z,2022-02-26T00:00:17.254Z,450219,156347,23,7,6,3,3,3
2022-02-26T00:03:20.704Z,2022-02-28T09:22:13.418Z,3439,1144,23,7,5,3,3,3
2022-02-28T09:31:25.458Z,2022-03-08T21:21:11.199Z,12230,4067,23,7,6,3,3,3
2022-03-08T21:24:11.642Z,2022-03-14T13:31:52.358Z,8168,2688,23,8,6,3,3,3
2022-03-14T13:34:51.891Z,2022-03-22T00:00:19.879Z,10705,3559,23,7,6,3,3,3
2022-03-22T00:03:20.761Z,2022-03-22T00:30:23.313Z,27,10,23,8,7,4,3,3
2022-03-22T00:33:17.802Z,2022-06-24T06:37:26.163Z,135724,44956,23,7,6,3,3,3
2022-06-24T06:40:33.942Z,2022-06-24T07:10:30.896Z,30,11,23,8,7,4,3,3
2022-06-24T07:15:42.988Z,2022-07-10T04:40:13.717Z,22885,6657,23,7,6,3,3,3
2022-07-10T04:46:14.603Z,2022-07-13T06:19:17.424Z,4413,928,23,7,5,3,3,3
2022-07-13T06:25:16.349Z,2022-07-13T18:57:25.444Z,752,160,23,7,4,2,3,3
2022-07-13T21:30:25.427Z,2022-07-24T16:11:41.342Z,15521,2304,23,7,6,3,3,3
2022-07-24T16:17:40.585Z,2022-07-25T09:45:42.007Z,1048,175,23,7,5,3,3,3
2022-07-25T09:52:48.033Z,2022-10-19T21:56:07.961Z,124563,41406,23,7,6,3,3,3
2022-10-19T21:59:09.356Z,2022-11-04T18:17:38.960Z,22818,7584,26,8,6,3,3,3
2022-11-04T18:20:36.682Z,2022-12-13T23:22:49.113Z,56462,18695,26,8,6,3,4,3
2022-12-13T23:25:53.432Z,2022-12-14T15:43:59.114Z,978,319,26,8,6,3,3,3
2022-12-14T15:46:59.795Z,2023-07-03T09:11:02.037Z,289044,96100,23,7,6,3,3,3
2023-07-03T09:14:01.850Z,2023-09-15T16:18:36.473Z,106985,35655,24,8,6,3,3,3
2023-09-15T16:21:36.460Z,2024-10-03T18:00:09.049Z,553059,184303,23,7,6,3,3,3
2024-10-03T18:03:09.054Z,2024-10-08T09:17:51.345Z,6675,2225,23,7,5,3,3,3
2024-10-08T09:20:51.349Z,2025-01-08T17:45:46.691Z,132985,44308,23,7,6,3,3,3
2025-01-08T17:48:46.746Z,2025-01-10T14:05:52.786Z,2657,887,26,8,6,3,3,3
2025-01-10T14:08:52.783Z,2025-04-23T12:19:27.343Z,148211,49380,23,7,6,3,3,3
2025-04-23T12:22:27.345Z,2025-04-23T18:29:16.720Z,367,122,23,9,6,3,3,3
2025-04-23T18:32:16.730Z,2026-07-15T10:11:29.779Z,644619,138891,21,7,6,3,3,3
2026-07-15T10:16:29.658Z,2026-07-15T21:01:29.859Z,645,130,24,8,6,3,3,3
2026-07-15T21:06:29.862Z,2026-08-27T09:18:47.153Z,61212,12243,21,7,6,3,3,3
2026-08-27T09:23:47.133Z,2026-08-27T10:30:59.798Z,67,8,33,11,6,3,3,3
2026-08-27T10:56:31.161Z,2026-08-27T11:58:05.956Z,62,7,30,10,6,3,3,3
2026-08-27T12:26:22.408Z,2026-08-27T18:01:22.682Z,335,68,30,10,6,3,4,3
2026-08-27T18:06:22.766Z,2026-08-28T08:21:22.805Z,855,172,30,10,6,3,4,4
2026-08-28T08:26:22.971Z,2026-10-01T07:38:27.360Z,48912,9783,30,10,8,4,4,4
2026-10-01T08:09:18.366Z,2026-10-01T16:29:59.594Z,501,19,30,10,8,4,4,1
2026-10-01T17:14:13.684Z,2026-10-01T18:22:57.732Z,69,5,30,10,8,4,4,0
2026-10-01T21:24:17.863Z,2026-10-01T22:45:10.811Z,81,5,30,10,8,4,4,1
