bat_dau,ket_thuc,so_trang_thai_trung_gian,dau(topTierSize/topTierOrgsSize/minBlockingSetSize/minBlockingSetOrgsSize/minSplittingSetSize/minSplittingSetOrgsSize),cuoi,co_trang_thai_yeu,chi_tiet_yeu
2019-06-04T11:06:21.811Z,2019-06-10T06:42:46.560Z,1,17/17/4/4/2/2,17/5/4/2/3/3,khong,
2019-10-30T15:52:40.835Z,2019-10-30T16:15:43.583Z,1,17/5/4/2/3/3,20/6/4/2/4/4,khong,
2020-01-31T23:25:49.451Z,2020-02-05T14:09:14.114Z,1,20/6/4/2/4/4,23/7/6/3/3/3,khong,
2020-05-22T07:24:47.826Z,2020-05-29T18:29:35.420Z,1,23/7/6/3/3/3,23/7/6/3/3/3,CO,"minBlockingSetSize=4 (dau 6, cuoi 6) tu 2020-05-22T07:24 trong 7.5 ngay; minBlockingSetOrgsSize=2 (dau 3, cuoi 3) tu 2020-05-22T07:24 trong 7.5 ngay"
2021-04-06T17:04:31.665Z,2021-04-19T08:20:55.921Z,7,23/7/6/3/3/3,23/7/6/3/3/3,CO,"minBlockingSetSize=5 (dau 6, cuoi 6) tu 2021-04-06T17:04 trong 20 phut; minBlockingSetSize=4 (dau 6, cuoi 6) tu 2021-04-06T17:22 trong 1.3 ngay; minBlockingSetOrgsSize=2 (dau 3, cuoi 3) tu 2021-04-06T17:22 trong 1.3 ngay; minBlockingSetSize=5 (dau 6, cuoi 6) tu 2021-04-13T12:13 trong 5.4 gio; minBlockingSetSize=5 (dau 6, cuoi 6) tu 2021-04-19T08:00 trong 23 phut"
2022-02-26T00:03:20.704Z,2022-03-22T00:33:17.802Z,5,23/7/6/3/3/3,23/7/6/3/3/3,CO,"minBlockingSetSize=5 (dau 6, cuoi 6) tu 2022-02-26T00:03 trong 2.4 ngay"
2022-06-24T06:40:33.942Z,2022-06-24T07:15:42.988Z,1,23/7/6/3/3/3,23/7/6/3/3/3,khong,
2022-07-10T04:46:14.603Z,2022-07-25T09:52:48.033Z,4,23/7/6/3/3/3,23/7/6/3/3/3,CO,"minBlockingSetSize=5 (dau 6, cuoi 6) tu 2022-07-10T04:46 trong 3.1 ngay; minBlockingSetSize=4 (dau 6, cuoi 6) tu 2022-07-13T06:25 trong 12.6 gio; minBlockingSetOrgsSize=2 (dau 3, cuoi 3) tu 2022-07-13T06:25 trong 12.6 gio; minBlockingSetSize=5 (dau 6, cuoi 6) tu 2022-07-24T16:17 trong 17.6 gio"
2022-10-19T21:59:09.356Z,2022-10-19T21:59:09.356Z,0,23/7/6/3/3/3,26/8/6/3/3/3,khong,
2022-11-04T18:20:36.682Z,2022-11-04T18:20:36.682Z,0,26/8/6/3/3/3,26/8/6/3/4/3,khong,
2022-12-13T23:25:53.432Z,2022-12-14T15:46:59.795Z,1,26/8/6/3/4/3,23/7/6/3/3/3,khong,
2023-07-03T09:14:01.850Z,2023-07-03T09:14:01.850Z,0,23/7/6/3/3/3,24/8/6/3/3/3,khong,
2023-09-15T16:21:36.460Z,2023-09-15T16:21:36.460Z,0,24/8/6/3/3/3,23/7/6/3/3/3,khong,
2024-10-03T18:03:09.054Z,2024-10-08T09:20:51.349Z,1,23/7/6/3/3/3,23/7/6/3/3/3,CO,"minBlockingSetSize=5 (dau 6, cuoi 6) tu 2024-10-03T18:03 trong 4.6 ngay"
2025-01-08T17:48:46.746Z,2025-01-10T14:08:52.783Z,1,23/7/6/3/3/3,23/7/6/3/3/3,khong,
2025-04-23T12:22:27.345Z,2025-04-23T18:32:16.730Z,1,23/7/6/3/3/3,21/7/6/3/3/3,khong,
2026-07-15T10:16:29.658Z,2026-07-15T21:06:29.862Z,1,21/7/6/3/3/3,21/7/6/3/3/3,khong,
2026-08-27T09:23:47.133Z,2026-08-28T08:26:22.971Z,4,21/7/6/3/3/3,30/10/8/4/4/4,khong,
2026-10-01T08:09:18.366Z,2026-10-01T21:24:17.863Z,2,30/10/8/4/4/4,30/10/8/4/4/1,CO,"minSplittingSetOrgsSize=0 (dau 4, cuoi 1) tu 2026-10-01T17:14 trong 1.2 gio"
