start,end,minutes,scans,min_effective_margin,nominal_margin
2019-06-02T10:06:16.465Z,2019-06-02T10:41:56.297Z,41,13,3,4
2019-06-04T18:41:01.480Z,2019-06-04T18:52:22.751Z,16,2,3,4
2019-06-05T17:07:23.611Z,2019-06-05T18:22:39.430Z,80,7,3,4
2019-10-18T08:56:15.594Z,2019-10-18T09:42:06.168Z,51,3,1,2
2020-04-23T08:43:04.943Z,2020-04-23T09:07:26.207Z,29,2,2,3
2020-04-23T23:33:48.486Z,2020-04-24T07:11:00.996Z,462,91,1,3
2020-04-26T16:50:55.414Z,2020-04-26T17:05:58.129Z,20,2,2,3
2020-05-03T01:27:18.049Z,2020-05-03T02:05:53.615Z,44,5,1,3
2020-05-04T13:57:53.257Z,2020-05-04T14:32:05.753Z,39,3,2,3
2020-05-08T00:47:33.423Z,2020-05-08T01:23:54.762Z,41,4,2,3
2020-05-08T16:21:41.865Z,2020-05-08T17:09:04.463Z,52,3,2,3
2020-05-08T20:01:45.838Z,2020-05-08T20:28:11.056Z,31,2,1,3
2020-05-09T02:56:32.122Z,2020-05-09T03:13:09.659Z,22,2,2,3
2020-05-09T18:08:40.009Z,2020-05-09T18:37:45.564Z,34,5,1,3
2020-05-10T00:19:35.201Z,2020-05-10T01:04:29.245Z,50,5,1,3
2020-05-10T01:39:41.410Z,2020-05-10T02:03:45.444Z,29,6,2,3
2020-05-10T03:01:29.222Z,2020-05-10T03:15:11.582Z,19,2,1,3
2020-05-10T08:18:36.796Z,2020-05-10T08:32:24.182Z,19,3,2,3
2020-05-10T16:43:24.756Z,2020-05-10T18:07:36.232Z,89,7,1,3
2020-05-11T06:24:24.371Z,2020-05-11T07:04:24.668Z,45,3,2,3
2020-05-11T12:59:59.234Z,2020-05-11T13:31:29.076Z,36,3,2,3
2020-05-11T15:36:14.382Z,2020-05-11T15:57:58.934Z,27,3,2,3
2020-05-11T20:22:47.236Z,2020-05-11T20:53:04.775Z,35,4,1,3
2020-05-12T03:52:23.863Z,2020-05-12T04:05:47.996Z,18,3,1,3
2020-05-12T17:34:42.527Z,2020-05-12T17:45:57.711Z,16,2,2,3
2020-05-13T03:00:29.082Z,2020-05-13T03:12:10.760Z,17,3,2,3
2020-05-15T19:44:17.002Z,2020-05-15T20:45:56.064Z,67,7,1,3
2020-05-16T02:42:28.251Z,2020-05-16T02:56:18.511Z,19,2,2,3
2020-05-16T18:32:31.973Z,2020-05-16T18:57:42.805Z,30,6,2,3
2020-05-17T14:54:14.197Z,2020-05-17T15:24:21.534Z,35,7,2,3
2020-05-18T01:07:24.291Z,2020-05-18T01:18:27.432Z,16,2,2,3
2020-05-18T02:41:16.389Z,2020-05-18T03:00:27.713Z,24,3,2,3
2020-05-18T08:52:20.798Z,2020-05-18T09:08:54.197Z,22,4,2,3
2020-05-19T01:40:37.337Z,2020-05-19T02:03:32.429Z,28,2,2,3
2020-05-19T17:03:34.472Z,2020-05-19T17:15:06.850Z,17,2,2,3
2020-05-20T14:02:06.603Z,2020-05-20T14:25:07.866Z,28,2,2,3
2020-05-20T15:21:45.429Z,2020-05-20T16:05:18.463Z,49,8,2,3
2020-05-20T20:20:08.711Z,2020-05-20T20:47:36.543Z,32,6,2,3
2020-05-21T00:48:00.966Z,2020-05-21T01:04:29.106Z,21,3,1,3
2020-05-21T08:16:10.709Z,2020-05-21T08:49:21.246Z,38,4,2,3
2020-05-21T13:31:17.695Z,2020-05-21T14:53:02.437Z,87,9,2,3
2020-05-21T15:30:35.794Z,2020-05-21T15:47:51.205Z,22,2,2,3
2020-05-22T00:56:56.192Z,2020-05-22T01:21:49.437Z,30,3,2,3
2020-05-22T05:41:09.177Z,2020-05-22T06:05:43.450Z,30,3,2,3
2020-05-22T06:46:53.981Z,2020-05-22T07:16:45.156Z,35,8,2,3
2020-05-23T13:48:41.230Z,2020-05-23T14:11:24.324Z,28,3,1,2
2020-05-24T13:32:45.456Z,2020-05-24T13:44:10.775Z,16,3,1,2
2020-05-26T19:01:21.553Z,2020-05-26T19:29:57.044Z,34,2,1,2
2020-05-26T21:43:04.970Z,2020-05-26T22:11:59.745Z,34,2,1,2
2020-05-30T06:51:21.212Z,2020-05-30T07:02:53.477Z,17,2,2,3
2020-05-30T14:38:15.725Z,2020-05-30T15:07:30.971Z,34,2,2,3
2020-05-31T11:20:16.762Z,2020-05-31T13:45:53.552Z,151,11,2,3
2020-05-31T16:11:15.075Z,2020-05-31T16:53:22.699Z,47,3,2,3
2020-05-31T21:12:56.889Z,2020-05-31T21:26:31.443Z,19,2,2,3
2020-06-01T07:02:37.123Z,2020-06-01T07:16:20.934Z,19,2,2,3
2020-06-01T14:02:49.300Z,2020-06-01T14:16:57.688Z,19,2,2,3
2020-06-02T00:49:31.908Z,2020-06-02T00:59:49.590Z,15,3,2,3
2020-06-02T13:13:11.930Z,2020-06-02T13:30:30.584Z,22,2,2,3
2020-06-02T14:47:28.171Z,2020-06-02T16:41:44.991Z,119,13,1,3
2020-07-06T15:11:12.325Z,2020-07-06T15:30:00.716Z,24,8,2,3
2021-01-06T07:35:23.991Z,2021-01-06T08:28:53.841Z,58,7,1,3
2021-04-06T14:34:30.934Z,2021-04-06T18:24:31.274Z,235,90,1,3
2021-04-12T03:32:26.476Z,2021-04-12T03:42:29.962Z,15,2,2,3
2021-04-20T18:53:45.681Z,2021-04-20T19:08:31.714Z,20,2,2,3
2021-04-21T05:16:27.316Z,2021-04-21T05:32:51.785Z,21,3,2,3
2021-04-21T11:10:03.045Z,2021-04-21T11:32:57.816Z,28,2,2,3
2021-04-21T21:53:13.513Z,2021-04-21T22:10:48.772Z,23,2,2,3
2021-04-23T11:34:09.879Z,2021-04-23T11:55:09.929Z,26,2,2,3
2021-04-23T17:33:45.637Z,2021-04-23T18:12:07.072Z,43,3,2,3
2021-04-24T06:34:28.422Z,2021-04-24T07:24:40.846Z,55,3,2,3
2021-04-24T13:40:13.919Z,2021-04-24T14:33:26.786Z,58,3,2,3
2021-04-30T15:17:52.094Z,2021-04-30T15:34:21.159Z,21,3,2,3
2021-05-02T00:18:08.005Z,2021-05-02T00:37:13.515Z,24,3,2,3
2021-05-02T09:04:15.091Z,2021-05-02T09:22:50.878Z,24,7,2,3
2021-05-05T05:17:44.732Z,2021-05-05T05:50:16.000Z,38,8,2,3
2021-05-05T10:07:48.746Z,2021-05-05T10:21:26.515Z,19,3,2,3
2021-05-06T10:07:45.922Z,2021-05-06T10:28:59.897Z,26,2,2,3
2021-05-06T14:40:21.888Z,2021-05-06T14:53:41.005Z,18,2,2,3
2021-05-07T09:08:54.843Z,2021-05-07T09:20:00.466Z,16,2,2,3
2021-05-08T03:23:20.013Z,2021-05-08T03:45:00.140Z,27,3,2,3
2021-05-08T04:32:33.451Z,2021-05-08T04:42:58.246Z,15,2,2,3
2021-05-08T07:01:39.375Z,2021-05-08T07:22:38.187Z,26,2,2,3
2021-05-09T09:52:17.709Z,2021-05-09T10:41:03.292Z,54,4,2,3
2021-06-01T07:00:32.270Z,2021-06-01T07:27:22.628Z,32,2,2,3
2021-06-02T04:53:48.194Z,2021-06-02T05:22:13.644Z,33,10,2,3
2021-06-02T12:07:18.314Z,2021-06-02T12:51:16.634Z,49,8,2,3
2021-06-09T04:56:23.078Z,2021-06-09T05:22:47.540Z,31,10,2,3
2021-06-11T03:01:37.626Z,2021-06-11T03:12:51.681Z,16,2,2,3
2021-06-15T14:21:20.466Z,2021-06-15T14:54:53.416Z,39,6,2,3
2021-06-16T04:57:25.715Z,2021-06-16T05:22:11.632Z,30,8,2,3
2021-06-16T13:52:06.799Z,2021-06-16T14:19:25.824Z,32,2,2,3
2021-06-17T14:18:55.158Z,2021-06-17T14:35:46.259Z,22,2,2,3
2021-06-21T14:45:11.417Z,2021-06-21T15:13:06.056Z,33,2,2,3
2021-06-22T08:14:34.293Z,2021-06-22T08:34:49.204Z,25,2,2,3
2021-06-23T04:56:15.364Z,2021-06-23T05:28:28.759Z,37,12,2,3
2021-06-23T07:25:25.455Z,2021-06-23T07:44:30.616Z,24,2,2,3
2021-06-30T04:10:21.093Z,2021-06-30T04:22:06.539Z,17,2,2,3
2021-07-06T02:01:20.998Z,2021-07-06T02:25:15.122Z,29,2,2,3
2021-07-07T05:08:41.354Z,2021-07-07T05:58:16.871Z,55,12,2,3
2021-07-07T23:24:58.501Z,2021-07-07T23:43:24.560Z,23,2,2,3
2021-07-14T04:55:22.032Z,2021-07-14T05:13:41.109Z,23,3,2,3
2021-07-21T04:53:11.378Z,2021-07-21T05:03:45.679Z,16,3,2,3
2021-07-21T10:57:37.539Z,2021-07-21T11:17:00.747Z,24,2,2,3
2021-08-03T12:03:35.904Z,2021-08-03T12:21:53.995Z,23,2,2,3
2021-08-04T04:55:29.074Z,2021-08-04T05:25:00.371Z,35,11,2,3
2021-08-10T07:33:34.175Z,2021-08-10T07:56:40.844Z,28,2,2,3
2021-08-11T04:59:41.333Z,2021-08-11T05:17:37.097Z,23,5,2,3
2021-08-13T06:03:33.345Z,2021-08-13T06:15:20.611Z,17,2,2,3
2021-08-16T08:24:43.784Z,2021-08-16T09:02:58.502Z,43,5,2,3
2021-08-16T15:15:34.573Z,2021-08-16T15:45:47.013Z,35,3,2,3
2021-08-25T04:59:59.581Z,2021-08-25T05:44:47.419Z,50,16,2,3
2021-08-31T03:11:31.012Z,2021-08-31T03:44:20.509Z,38,3,2,3
2021-08-31T05:00:09.373Z,2021-08-31T05:13:47.786Z,19,2,2,3
2021-09-01T02:57:45.754Z,2021-09-01T03:11:36.822Z,19,6,2,3
2021-09-01T04:47:32.474Z,2021-09-01T08:30:01.646Z,227,72,2,3
2021-09-01T09:48:27.902Z,2021-09-01T14:47:42.768Z,304,88,2,3
2021-09-08T05:05:32.318Z,2021-09-08T05:17:14.522Z,17,3,2,3
2021-09-10T07:09:40.100Z,2021-09-10T07:26:42.099Z,22,2,2,3
2021-09-10T09:34:41.576Z,2021-09-10T09:56:59.706Z,27,2,2,3
2021-09-10T12:48:10.214Z,2021-09-10T12:59:12.575Z,16,2,2,3
2021-09-10T19:10:13.516Z,2021-09-10T19:23:55.131Z,19,3,2,3
2021-09-11T01:46:49.816Z,2021-09-11T02:09:28.345Z,28,2,2,3
2021-09-11T02:51:59.729Z,2021-09-11T03:08:57.861Z,22,2,2,3
2021-09-11T04:55:24.320Z,2021-09-11T05:06:23.262Z,16,2,2,3
2021-09-11T22:43:37.952Z,2021-09-11T23:03:22.246Z,25,2,2,3
2021-09-12T02:52:14.518Z,2021-09-12T03:06:31.487Z,19,2,2,3
2021-09-12T03:37:30.377Z,2021-09-12T04:06:22.625Z,34,2,2,3
2021-09-12T09:03:07.552Z,2021-09-12T09:22:52.838Z,25,2,2,3
2021-09-12T16:56:51.497Z,2021-09-12T17:21:43.227Z,30,2,2,3
2021-09-12T19:19:10.318Z,2021-09-12T20:08:52.001Z,55,4,2,3
2021-09-13T06:04:35.576Z,2021-09-13T06:30:03.747Z,30,3,2,3
2021-09-13T11:13:53.722Z,2021-09-13T11:33:04.996Z,24,2,2,3
2021-09-13T13:55:47.075Z,2021-09-13T14:06:43.393Z,16,2,2,3
2021-09-13T20:42:03.460Z,2021-09-13T21:04:02.641Z,27,2,2,3
2021-09-13T23:12:18.334Z,2021-09-14T00:17:31.334Z,70,4,2,3
2021-09-14T01:46:14.158Z,2021-09-14T02:16:21.867Z,35,4,2,3
2021-09-14T17:05:07.635Z,2021-09-14T17:29:40.946Z,30,2,2,3
2021-09-14T20:51:34.050Z,2021-09-14T21:07:31.130Z,21,2,2,3
2021-09-22T04:56:40.184Z,2021-09-22T05:16:47.165Z,25,3,2,3
2021-10-04T15:17:13.297Z,2021-10-04T15:41:10.436Z,29,2,2,3
2021-10-08T18:48:29.686Z,2021-10-08T19:23:15.780Z,40,8,2,3
2021-10-13T07:26:14.292Z,2021-10-13T08:33:56.612Z,73,24,2,3
2021-11-03T17:06:10.670Z,2021-11-03T17:37:14.424Z,36,5,2,3
2021-11-03T18:13:59.275Z,2021-11-03T18:24:22.039Z,15,2,2,3
2021-11-10T09:23:24.580Z,2021-11-10T10:11:24.483Z,53,17,2,3
2022-03-22T00:03:20.761Z,2022-03-22T00:30:23.313Z,32,10,3,4
2022-04-28T00:09:40.686Z,2022-04-28T00:24:48.795Z,20,3,2,3
2022-04-30T00:11:57.014Z,2022-04-30T00:23:56.427Z,17,5,2,3
2022-05-18T09:04:40.214Z,2022-05-18T09:34:43.371Z,35,11,2,3
2022-06-07T15:02:23.393Z,2022-06-07T15:53:28.022Z,56,18,2,3
2022-06-07T16:38:20.848Z,2022-06-07T16:59:22.854Z,26,8,2,3
2022-06-24T06:40:33.942Z,2022-06-24T07:10:30.896Z,35,11,3,4
2022-07-13T19:03:28.876Z,2022-07-13T23:54:31.330Z,296,39,2,3
2022-07-26T14:09:47.762Z,2022-07-27T18:37:25.598Z,1713,569,1,3
2022-12-13T13:26:16.457Z,2022-12-14T15:43:59.114Z,1583,512,2,3
2022-12-16T13:06:57.074Z,2022-12-16T13:21:56.119Z,20,6,2,3
2023-04-26T09:44:48.350Z,2023-04-26T10:08:48.934Z,29,2,2,3
2023-05-05T00:35:34.524Z,2023-05-05T00:47:35.341Z,17,5,2,3
2023-08-23T11:30:55.644Z,2023-08-23T12:24:55.822Z,59,10,2,3
2023-08-23T17:54:56.753Z,2023-08-23T18:18:56.758Z,29,3,2,3
2023-08-24T12:17:42.734Z,2023-08-24T13:35:42.937Z,83,9,2,3
2023-08-25T01:20:45.299Z,2023-08-25T01:32:45.353Z,17,2,2,3
2023-08-25T03:08:45.696Z,2023-08-25T03:20:45.778Z,17,2,2,3
2023-08-25T09:02:46.890Z,2023-08-25T09:17:46.896Z,20,2,2,3
2023-08-25T11:10:14.835Z,2023-08-25T11:22:14.905Z,17,3,2,3
2023-09-14T01:59:11.601Z,2023-09-14T05:08:12.098Z,194,33,0,3
2023-09-14T06:35:12.418Z,2023-09-14T08:20:14.690Z,110,36,1,3
2023-09-14T09:11:12.484Z,2023-09-14T11:32:13.395Z,146,37,0,3
2023-09-14T12:26:13.373Z,2023-09-14T12:53:13.495Z,32,7,2,3
2023-11-21T18:17:12.415Z,2023-11-21T18:35:12.443Z,23,2,2,3
2024-01-19T07:41:11.361Z,2024-01-19T08:05:11.419Z,29,2,2,3
2024-01-30T18:17:48.339Z,2024-01-30T18:41:48.393Z,29,2,2,3
2024-02-09T09:05:13.262Z,2024-02-09T09:20:13.272Z,20,2,2,3
2024-02-10T16:46:11.239Z,2024-02-10T17:31:11.280Z,50,5,2,3
2024-02-11T17:00:33.712Z,2024-02-11T17:21:33.746Z,26,3,2,3
2024-02-11T18:18:33.768Z,2024-02-11T18:30:33.810Z,17,2,2,3
2024-02-12T07:51:20.648Z,2024-02-12T08:42:20.647Z,56,4,2,3
2024-02-12T11:00:20.838Z,2024-02-12T11:18:20.795Z,23,2,2,3
2024-02-12T12:00:20.886Z,2024-02-12T12:30:20.836Z,35,4,2,3
2024-02-14T05:19:10.376Z,2024-02-14T05:34:10.374Z,20,2,2,3
2024-02-14T06:52:10.531Z,2024-02-14T10:40:10.673Z,233,77,2,3
2024-10-04T12:34:17.344Z,2024-10-04T14:34:17.426Z,125,41,2,3
2024-10-08T09:05:51.354Z,2024-10-08T09:17:51.345Z,17,5,2,3
2024-11-27T13:39:07.722Z,2024-11-27T13:51:07.760Z,17,5,2,3
2025-01-20T07:15:18.988Z,2025-01-20T07:30:18.990Z,20,6,2,3
2025-01-23T11:42:53.717Z,2025-01-23T12:09:53.776Z,32,10,2,3
2025-01-23T14:33:53.711Z,2025-01-23T15:18:53.712Z,50,7,2,3
2025-01-23T17:03:53.742Z,2025-01-23T17:24:53.711Z,26,5,2,3
2025-01-23T23:12:11.305Z,2025-01-23T23:27:11.341Z,20,5,2,3
2025-01-30T15:06:16.991Z,2025-01-30T15:30:16.990Z,29,5,2,3
2025-02-03T01:48:41.115Z,2025-02-03T02:27:41.116Z,44,14,2,3
2025-02-03T12:57:41.185Z,2025-02-03T13:45:41.195Z,53,15,2,3
2025-02-03T15:18:41.200Z,2025-02-03T15:30:41.291Z,17,5,2,3
2025-02-12T01:03:24.970Z,2025-02-12T01:18:24.969Z,20,3,2,3
2025-02-12T13:34:40.902Z,2025-02-12T13:48:20.241Z,19,5,2,3
2025-02-12T22:54:20.262Z,2025-02-12T23:15:20.268Z,26,6,2,3
2025-02-13T21:58:17.578Z,2025-02-13T22:25:17.540Z,32,10,2,3
2025-02-14T00:10:17.554Z,2025-02-14T00:22:17.560Z,17,5,2,3
2025-02-16T02:34:49.778Z,2025-02-16T03:10:49.745Z,41,4,2,3
2025-02-17T16:01:19.967Z,2025-02-17T16:31:19.948Z,35,6,2,3
2025-02-18T08:07:20.071Z,2025-02-18T08:25:20.031Z,23,7,2,3
2025-02-18T13:48:12.399Z,2025-02-18T15:09:12.398Z,86,16,2,3
2025-02-18T15:54:12.423Z,2025-02-18T16:42:12.459Z,53,6,2,3
2025-02-18T18:21:12.503Z,2025-02-18T18:45:12.511Z,29,2,2,3
2025-02-20T05:19:22.285Z,2025-02-20T05:31:22.266Z,17,5,2,3
2025-02-21T19:26:53.544Z,2025-02-21T19:50:53.566Z,29,8,2,3
2025-02-23T04:01:06.762Z,2025-02-23T04:22:06.769Z,26,3,2,3
2025-02-23T10:22:06.802Z,2025-02-23T11:01:06.804Z,44,3,2,3
2025-02-24T03:03:38.605Z,2025-02-24T03:33:38.565Z,35,9,2,3
2025-02-24T04:09:38.570Z,2025-02-24T04:27:38.553Z,23,5,2,3
2025-02-24T19:36:38.775Z,2025-02-24T19:51:38.795Z,20,6,2,3
2025-02-24T22:00:24.348Z,2025-02-24T22:12:24.395Z,17,5,2,3
2025-02-25T00:15:24.397Z,2025-02-25T00:27:24.356Z,17,5,2,3
2025-02-25T03:00:24.404Z,2025-02-25T05:21:24.381Z,146,20,2,3
2025-02-25T06:00:24.422Z,2025-02-25T06:18:24.398Z,23,2,2,3
2025-02-25T07:36:24.417Z,2025-02-25T08:09:24.402Z,38,4,2,3
2025-02-25T10:21:24.524Z,2025-02-25T10:33:24.490Z,17,5,2,3
2025-02-25T11:06:24.452Z,2025-02-25T12:06:24.446Z,65,14,2,3
2025-02-25T17:33:24.520Z,2025-02-25T18:06:24.515Z,38,3,2,3
2025-02-25T20:27:24.548Z,2025-02-25T20:42:24.499Z,20,5,2,3
2025-02-25T21:29:49.073Z,2025-02-25T22:26:49.097Z,62,8,2,3
2025-02-26T14:02:49.224Z,2025-02-26T15:26:49.233Z,89,13,2,3
2025-02-26T16:02:49.239Z,2025-02-26T16:23:49.256Z,26,5,2,3
2025-02-26T18:17:49.268Z,2025-02-26T19:20:49.290Z,68,13,2,3
2025-02-26T20:38:49.295Z,2025-02-26T20:50:49.301Z,17,4,2,3
2025-02-27T20:33:34.060Z,2025-02-27T20:51:34.039Z,23,3,2,3
2025-02-28T01:29:37.142Z,2025-02-28T02:35:37.146Z,71,11,2,3
2025-02-28T04:02:37.168Z,2025-02-28T04:26:37.153Z,29,6,2,3
2025-02-28T06:53:37.173Z,2025-02-28T07:05:37.177Z,17,5,2,3
2025-02-28T08:14:37.183Z,2025-02-28T08:32:37.217Z,23,7,2,3
2025-02-28T13:32:37.272Z,2025-02-28T14:02:37.290Z,35,4,2,3
2025-02-28T15:02:37.292Z,2025-02-28T16:11:37.263Z,74,7,2,3
2025-03-02T15:00:24.392Z,2025-03-02T18:00:24.373Z,185,33,2,3
2025-03-02T18:36:24.382Z,2025-03-02T19:00:24.401Z,29,2,2,3
2025-03-03T01:21:09.350Z,2025-03-03T01:51:09.352Z,35,5,2,3
2025-03-03T05:57:09.387Z,2025-03-03T06:27:09.399Z,35,4,2,3
2025-08-22T15:51:59.114Z,2025-08-25T19:10:40.584Z,4524,905,2,3
2025-09-18T01:55:47.797Z,2025-09-18T04:10:47.889Z,140,8,2,3
2025-09-18T20:40:48.214Z,2025-09-18T21:05:48.071Z,30,2,2,3
2026-07-14T12:31:29.464Z,2026-07-14T12:41:29.464Z,15,3,2,3
