date,Wirex Singapore % validating,Wirex United Kingdom % validating,Wirex United States % validating,organization % available
2022-01-01,100.0,100.0,100.0,100.0
2022-01-02,100.0,100.0,100.0,100.0
2022-01-03,100.0,100.0,100.0,100.0
2022-01-04,100.0,100.0,100.0,100.0
2022-01-05,100.0,100.0,100.0,100.0
2022-01-06,100.0,100.0,100.0,100.0
2022-01-07,100.0,100.0,100.0,100.0
2022-01-08,100.0,100.0,100.0,100.0
2022-01-09,100.0,100.0,100.0,100.0
2022-01-10,100.0,100.0,100.0,100.0
2022-01-11,100.0,100.0,100.0,100.0
2022-01-12,100.0,100.0,100.0,100.0
2022-01-13,100.0,100.0,100.0,100.0
2022-01-14,100.0,100.0,100.0,100.0
2022-01-15,100.0,100.0,100.0,100.0
2022-01-16,100.0,100.0,100.0,100.0
2022-01-17,100.0,100.0,100.0,100.0
2022-01-18,100.0,100.0,100.0,100.0
2022-01-19,100.0,100.0,100.0,100.0
2022-01-20,100.0,100.0,100.0,100.0
2022-01-21,100.0,100.0,100.0,100.0
2022-01-22,100.0,100.0,100.0,100.0
2022-01-23,100.0,100.0,100.0,100.0
2022-01-24,100.0,100.0,100.0,100.0
2022-01-25,100.0,100.0,100.0,100.0
2022-01-26,100.0,100.0,100.0,100.0
2022-01-27,100.0,100.0,100.0,100.0
2022-01-28,100.0,100.0,100.0,100.0
2022-01-29,100.0,100.0,100.0,100.0
2022-01-30,100.0,100.0,100.0,100.0
2022-01-31,100.0,100.0,100.0,100.0
2022-02-01,100.0,100.0,100.0,100.0
2022-02-02,100.0,100.0,100.0,100.0
2022-02-03,100.0,100.0,100.0,100.0
2022-02-04,100.0,100.0,100.0,100.0
2022-02-05,100.0,100.0,100.0,100.0
2022-02-06,100.0,100.0,100.0,100.0
2022-02-07,100.0,100.0,100.0,100.0
2022-02-08,100.0,100.0,99.8,100.0
2022-02-09,100.0,100.0,100.0,100.0
2022-02-10,100.0,100.0,100.0,100.0
2022-02-11,100.0,100.0,100.0,100.0
2022-02-12,100.0,100.0,100.0,100.0
2022-02-13,100.0,100.0,100.0,100.0
2022-02-14,100.0,100.0,100.0,100.0
2022-02-15,100.0,100.0,100.0,100.0
2022-02-16,100.0,100.0,100.0,100.0
2022-02-17,100.0,100.0,100.0,100.0
2022-02-18,100.0,100.0,100.0,100.0
2022-02-19,100.0,100.0,100.0,100.0
2022-02-20,100.0,100.0,100.0,100.0
2022-02-21,100.0,100.0,100.0,100.0
2022-02-22,100.0,100.0,100.0,100.0
2022-02-23,100.0,100.0,100.0,100.0
2022-02-24,100.0,100.0,100.0,100.0
2022-02-25,100.0,100.0,100.0,100.0
2022-02-26,100.0,100.0,100.0,100.0
2022-02-27,100.0,100.0,100.0,100.0
2022-02-28,100.0,100.0,100.0,100.0
2022-03-01,100.0,100.0,100.0,100.0
2022-03-02,100.0,100.0,100.0,100.0
2022-03-03,100.0,100.0,100.0,100.0
2022-03-04,100.0,100.0,100.0,100.0
2022-03-05,100.0,100.0,100.0,100.0
2022-03-06,100.0,100.0,100.0,100.0
2022-03-07,100.0,100.0,100.0,100.0
2022-03-08,100.0,100.0,100.0,100.0
2022-03-09,100.0,100.0,100.0,100.0
2022-03-10,100.0,100.0,100.0,100.0
2022-03-11,100.0,100.0,100.0,100.0
2022-03-12,100.0,100.0,100.0,100.0
2022-03-13,100.0,100.0,100.0,100.0
2022-03-14,97.1,97.9,93.7,100.0
2022-03-15,100.0,100.0,100.0,100.0
2022-03-16,99.4,100.0,100.0,100.0
2022-03-17,100.0,100.0,100.0,100.0
2022-03-18,100.0,100.0,100.0,100.0
2022-03-19,100.0,100.0,100.0,100.0
2022-03-20,100.0,100.0,100.0,100.0
2022-03-21,100.0,100.0,100.0,100.0
2022-03-22,100.0,100.0,100.0,100.0
2022-03-23,100.0,100.0,100.0,100.0
2022-03-24,100.0,100.0,100.0,100.0
2022-03-25,100.0,100.0,100.0,100.0
2022-03-26,100.0,100.0,100.0,100.0
2022-03-27,100.0,100.0,100.0,100.0
2022-03-28,100.0,100.0,100.0,100.0
2022-03-29,100.0,100.0,100.0,100.0
2022-03-30,100.0,100.0,99.8,100.0
2022-03-31,100.0,100.0,100.0,100.0
2022-04-01,100.0,100.0,100.0,100.0
2022-04-02,100.0,100.0,99.6,100.0
2022-04-03,100.0,100.0,100.0,100.0
2022-04-04,100.0,100.0,100.0,100.0
2022-04-05,100.0,100.0,100.0,100.0
2022-04-06,100.0,100.0,100.0,100.0
2022-04-07,100.0,100.0,99.8,100.0
2022-04-08,100.0,99.8,100.0,100.0
2022-04-09,100.0,100.0,99.2,100.0
2022-04-10,100.0,100.0,100.0,100.0
2022-04-11,100.0,99.8,100.0,100.0
2022-04-12,100.0,99.8,100.0,100.0
2022-04-13,100.0,99.0,100.0,100.0
2022-04-14,100.0,98.5,100.0,100.0
2022-04-15,100.0,99.0,99.6,99.6
2022-04-16,100.0,99.6,99.8,99.8
2022-04-17,100.0,100.0,100.0,100.0
2022-04-18,100.0,100.0,100.0,100.0
2022-04-19,99.6,99.4,100.0,100.0
2022-04-20,100.0,99.2,100.0,100.0
2022-04-21,100.0,99.6,100.0,100.0
2022-04-22,100.0,100.0,100.0,100.0
2022-04-23,100.0,98.7,100.0,100.0
2022-04-24,100.0,99.2,100.0,100.0
2022-04-25,100.0,100.0,100.0,100.0
2022-04-26,100.0,100.0,100.0,100.0
2022-04-27,100.0,99.8,100.0,100.0
2022-04-28,100.0,99.0,99.2,99.4
2022-04-29,100.0,99.6,99.2,99.6
2022-04-30,100.0,98.1,99.0,99.0
2022-05-01,100.0,98.7,99.8,99.8
2022-05-02,100.0,98.5,99.6,100.0
2022-05-03,100.0,91.6,99.8,100.0
2022-05-04,100.0,86.2,99.6,99.8
2022-05-05,99.8,99.8,99.6,99.8
2022-05-06,100.0,100.0,100.0,100.0
2022-05-07,100.0,100.0,100.0,100.0
2022-05-08,100.0,100.0,100.0,100.0
2022-05-09,100.0,100.0,100.0,100.0
2022-05-10,100.0,94.2,100.0,100.0
2022-05-11,100.0,94.8,99.6,100.0
2022-05-12,100.0,96.9,99.8,100.0
2022-05-13,100.0,100.0,100.0,100.0
2022-05-14,100.0,100.0,100.0,100.0
2022-05-15,100.0,100.0,100.0,100.0
2022-05-16,100.0,100.0,100.0,100.0
2022-05-17,100.0,100.0,100.0,100.0
2022-05-18,99.0,97.3,97.7,97.7
2022-05-19,100.0,100.0,100.0,100.0
2022-05-20,100.0,100.0,100.0,100.0
2022-05-21,100.0,100.0,100.0,100.0
2022-05-22,100.0,100.0,100.0,100.0
2022-05-23,100.0,100.0,100.0,100.0
2022-05-24,100.0,100.0,100.0,100.0
2022-05-25,100.0,100.0,100.0,100.0
2022-05-26,100.0,100.0,100.0,100.0
2022-05-27,100.0,100.0,100.0,100.0
2022-05-28,100.0,100.0,100.0,100.0
2022-05-29,100.0,100.0,100.0,100.0
2022-05-30,100.0,100.0,100.0,100.0
2022-05-31,100.0,100.0,100.0,100.0
2022-06-01,100.0,100.0,100.0,100.0
2022-06-02,100.0,100.0,100.0,100.0
2022-06-03,100.0,100.0,100.0,100.0
2022-06-04,100.0,100.0,100.0,100.0
2022-06-05,100.0,100.0,100.0,100.0
2022-06-06,100.0,100.0,100.0,100.0
2022-06-07,91.4,94.8,94.6,94.6
2022-06-08,100.0,100.0,100.0,100.0
2022-06-09,100.0,100.0,100.0,100.0
2022-06-10,100.0,100.0,100.0,100.0
2022-06-11,100.0,100.0,100.0,100.0
2022-06-12,100.0,100.0,100.0,100.0
2022-06-13,100.0,100.0,100.0,100.0
2022-06-14,100.0,100.0,100.0,100.0
2022-06-15,100.0,100.0,100.0,100.0
2022-06-16,100.0,100.0,100.0,100.0
2022-06-17,100.0,100.0,100.0,100.0
2022-06-18,100.0,100.0,100.0,100.0
2022-06-19,100.0,100.0,100.0,100.0
2022-06-20,100.0,100.0,100.0,100.0
2022-06-21,100.0,100.0,100.0,100.0
2022-06-22,100.0,100.0,100.0,100.0
2022-06-23,100.0,100.0,100.0,100.0
2022-06-24,100.0,100.0,100.0,100.0
2022-06-25,100.0,100.0,100.0,100.0
2022-06-26,100.0,100.0,100.0,100.0
2022-06-27,100.0,100.0,100.0,100.0
2022-06-28,100.0,100.0,100.0,100.0
2022-06-29,100.0,100.0,100.0,100.0
2022-06-30,100.0,100.0,100.0,100.0
2022-07-01,100.0,100.0,100.0,100.0
2022-07-02,100.0,100.0,100.0,100.0
2022-07-03,100.0,100.0,100.0,100.0
2022-07-04,100.0,100.0,100.0,100.0
2022-07-05,100.0,100.0,100.0,100.0
2022-07-06,100.0,100.0,100.0,100.0
2022-07-07,100.0,100.0,100.0,100.0
2022-07-08,100.0,100.0,100.0,100.0
2022-07-09,100.0,100.0,100.0,100.0
2022-07-10,100.0,100.0,20.3,100.0
2022-07-11,100.0,100.0,0.0,100.0
2022-07-12,100.0,100.0,0.0,100.0
2022-07-13,24.6,40.7,0.0,24.6
2022-07-14,100.0,100.0,0.0,100.0
2022-07-15,100.0,100.0,36.0,100.0
2022-07-16,100.0,100.0,100.0,100.0
2022-07-17,100.0,100.0,100.0,100.0
2022-07-18,100.0,100.0,100.0,100.0
2022-07-19,100.0,100.0,100.0,100.0
2022-07-20,100.0,100.0,100.0,100.0
2022-07-21,100.0,100.0,100.0,100.0
2022-07-22,100.0,100.0,100.0,100.0
2022-07-23,100.0,100.0,100.0,100.0
2022-07-24,100.0,67.5,100.0,100.0
2022-07-25,100.0,0.0,100.0,100.0
2022-07-26,58.9,0.0,100.0,58.9
2022-07-27,22.3,0.0,91.2,22.1
2022-07-28,100.0,0.0,100.0,100.0
2022-07-29,100.0,46.8,100.0,100.0
2022-07-30,100.0,100.0,100.0,100.0
2022-07-31,100.0,100.0,100.0,100.0
2022-08-01,100.0,100.0,57.4,100.0
2022-08-02,100.0,100.0,59.5,100.0
2022-08-03,100.0,100.0,75.6,100.0
2022-08-04,99.8,100.0,100.0,100.0
2022-08-05,100.0,64.3,99.0,100.0
2022-08-06,100.0,100.0,100.0,100.0
2022-08-07,99.8,100.0,100.0,100.0
2022-08-08,50.0,99.0,100.0,100.0
2022-08-09,98.3,100.0,100.0,100.0
2022-08-10,100.0,100.0,100.0,100.0
2022-08-11,100.0,100.0,100.0,100.0
2022-08-12,100.0,100.0,100.0,100.0
2022-08-13,100.0,100.0,100.0,100.0
2022-08-14,100.0,100.0,100.0,100.0
2022-08-15,100.0,100.0,100.0,100.0
2022-08-16,100.0,100.0,100.0,100.0
2022-08-17,100.0,100.0,100.0,100.0
2022-08-18,100.0,100.0,100.0,100.0
2022-08-19,100.0,100.0,100.0,100.0
2022-08-20,100.0,100.0,100.0,100.0
2022-08-21,99.8,100.0,100.0,100.0
2022-08-22,99.8,100.0,100.0,100.0
2022-08-23,100.0,100.0,100.0,100.0
2022-08-24,99.6,100.0,100.0,100.0
2022-08-25,100.0,100.0,100.0,100.0
2022-08-26,100.0,100.0,100.0,100.0
2022-08-27,100.0,100.0,100.0,100.0
2022-08-28,100.0,100.0,100.0,100.0
2022-08-29,100.0,100.0,100.0,100.0
2022-08-30,100.0,100.0,100.0,100.0
2022-08-31,100.0,100.0,100.0,100.0
2022-09-01,100.0,100.0,100.0,100.0
2022-09-02,100.0,100.0,100.0,100.0
2022-09-03,100.0,100.0,100.0,100.0
2022-09-04,100.0,100.0,100.0,100.0
2022-09-05,100.0,100.0,100.0,100.0
2022-09-06,100.0,100.0,100.0,100.0
2022-09-07,100.0,100.0,100.0,100.0
2022-09-08,99.8,100.0,100.0,100.0
2022-09-09,99.8,100.0,100.0,100.0
2022-09-10,100.0,100.0,100.0,100.0
2022-09-11,100.0,100.0,100.0,100.0
2022-09-12,100.0,100.0,100.0,100.0
2022-09-13,100.0,100.0,100.0,100.0
2022-09-14,100.0,100.0,100.0,100.0
2022-09-15,100.0,100.0,100.0,100.0
2022-09-16,98.3,100.0,100.0,100.0
2022-09-17,99.6,100.0,100.0,100.0
2022-09-18,99.2,100.0,100.0,100.0
2022-09-19,100.0,100.0,100.0,100.0
2022-09-20,100.0,100.0,100.0,100.0
2022-09-21,100.0,100.0,100.0,100.0
2022-09-22,100.0,100.0,100.0,100.0
2022-09-23,100.0,100.0,100.0,100.0
2022-09-24,100.0,100.0,100.0,100.0
2022-09-25,100.0,100.0,100.0,100.0
2022-09-26,99.8,100.0,100.0,100.0
2022-09-27,100.0,100.0,100.0,100.0
2022-09-28,100.0,100.0,100.0,100.0
2022-09-29,100.0,100.0,100.0,100.0
2022-09-30,100.0,100.0,100.0,100.0
2022-10-01,100.0,100.0,100.0,100.0
2022-10-02,100.0,100.0,100.0,100.0
2022-10-03,100.0,100.0,100.0,100.0
2022-10-04,100.0,100.0,100.0,100.0
2022-10-05,100.0,100.0,100.0,100.0
2022-10-06,100.0,100.0,100.0,100.0
2022-10-07,100.0,100.0,100.0,100.0
2022-10-08,99.8,100.0,100.0,100.0
2022-10-09,100.0,100.0,100.0,100.0
2022-10-10,100.0,100.0,100.0,100.0
2022-10-11,100.0,100.0,100.0,100.0
2022-10-12,100.0,100.0,100.0,100.0
2022-10-13,100.0,100.0,100.0,100.0
2022-10-14,100.0,100.0,100.0,100.0
2022-10-15,100.0,100.0,100.0,100.0
2022-10-16,100.0,100.0,100.0,100.0
2022-10-17,100.0,100.0,100.0,100.0
2022-10-18,100.0,100.0,100.0,100.0
2022-10-19,100.0,100.0,100.0,100.0
2022-10-20,100.0,100.0,100.0,100.0
2022-10-21,100.0,100.0,100.0,100.0
2022-10-22,100.0,100.0,100.0,100.0
2022-10-23,100.0,100.0,100.0,100.0
2022-10-24,100.0,100.0,100.0,100.0
2022-10-25,100.0,100.0,100.0,100.0
2022-10-26,100.0,100.0,100.0,100.0
2022-10-27,100.0,100.0,100.0,100.0
2022-10-28,100.0,100.0,100.0,100.0
2022-10-29,100.0,100.0,100.0,100.0
2022-10-30,100.0,100.0,100.0,100.0
2022-10-31,100.0,100.0,100.0,100.0
2022-11-01,100.0,100.0,100.0,100.0
2022-11-02,100.0,100.0,100.0,100.0
2022-11-03,100.0,100.0,100.0,100.0
2022-11-04,100.0,100.0,100.0,100.0
2022-11-05,100.0,100.0,100.0,100.0
2022-11-06,100.0,100.0,100.0,100.0
2022-11-07,100.0,100.0,100.0,100.0
2022-11-08,100.0,100.0,100.0,100.0
2022-11-09,99.8,100.0,100.0,100.0
2022-11-10,100.0,100.0,100.0,100.0
2022-11-11,100.0,100.0,100.0,100.0
2022-11-12,100.0,100.0,100.0,100.0
2022-11-13,99.8,100.0,100.0,100.0
2022-11-14,100.0,100.0,100.0,100.0
2022-11-15,100.0,100.0,100.0,100.0
2022-11-16,100.0,100.0,100.0,100.0
2022-11-17,100.0,100.0,100.0,100.0
2022-11-18,100.0,100.0,100.0,100.0
2022-11-19,100.0,100.0,100.0,100.0
2022-11-20,100.0,100.0,100.0,100.0
2022-11-21,100.0,100.0,100.0,100.0
2022-11-22,100.0,100.0,100.0,100.0
2022-11-23,100.0,100.0,100.0,100.0
2022-11-24,100.0,100.0,100.0,100.0
2022-11-25,100.0,100.0,100.0,100.0
2022-11-26,100.0,100.0,100.0,100.0
2022-11-27,100.0,100.0,100.0,100.0
2022-11-28,99.8,100.0,100.0,100.0
2022-11-29,100.0,100.0,100.0,100.0
2022-11-30,100.0,100.0,100.0,100.0
2022-12-01,100.0,100.0,100.0,100.2
2022-12-02,81.7,100.0,100.0,100.0
2022-12-03,99.6,100.0,100.0,100.0
2022-12-04,100.0,100.0,100.0,100.0
2022-12-05,100.0,100.0,100.0,100.0
2022-12-06,100.0,3.4,100.0,100.0
2022-12-07,100.0,0.0,100.0,100.0
2022-12-08,100.0,0.0,100.0,100.0
2022-12-09,100.0,0.0,100.0,100.0
2022-12-10,100.0,94.1,75.7,100.0
2022-12-11,100.0,100.0,93.9,100.0
2022-12-12,100.0,100.0,100.0,100.0
2022-12-13,56.7,56.7,56.7,56.7
2022-12-14,0.0,0.0,0.0,0.0
2022-12-15,0.0,0.0,0.0,0.0
2022-12-16,0.0,0.0,0.0,0.0
2022-12-17,0.0,0.0,0.0,0.0
2022-12-18,0.0,0.0,0.0,0.0
2022-12-19,0.0,0.0,0.0,0.0
2022-12-20,0.0,0.0,0.0,0.0
2022-12-21,0.0,0.0,0.0,0.0
2022-12-22,0.0,0.0,0.0,0.0
2022-12-23,0.0,0.0,0.0,0.0
2022-12-24,0.0,0.0,0.0,0.0
2022-12-25,0.0,0.0,0.0,0.0
2022-12-26,0.0,0.0,0.0,0.0
2022-12-27,0.0,0.0,0.0,0.0
2022-12-28,0.0,0.0,0.0,0.0
2022-12-29,0.0,0.0,0.0,0.0
2022-12-30,0.0,0.0,0.0,0.0
2022-12-31,0.0,0.0,0.0,0.0
