date,SatoshiPay Iowa % validating,SatoshiPay Singapore % validating,SatoshiPay Frankfurt % validating,organization % available
2025-01-01,100.0,99.2,97.1,100.0
2025-01-02,100.0,100.0,92.9,100.0
2025-01-03,100.0,100.0,100.0,100.0
2025-01-04,100.0,100.0,98.8,100.0
2025-01-05,100.0,100.0,95.8,100.0
2025-01-06,100.0,100.0,96.5,100.0
2025-01-07,100.0,99.8,95.6,99.8
2025-01-08,100.0,100.0,97.3,100.0
2025-01-09,97.1,100.0,98.5,100.0
2025-01-10,100.0,100.0,99.8,100.0
2025-01-11,100.0,100.0,99.6,100.0
2025-01-12,100.0,100.0,100.0,100.0
2025-01-13,100.0,99.8,100.0,100.0
2025-01-14,100.0,100.0,100.0,100.0
2025-01-15,100.0,100.0,99.6,100.0
2025-01-16,100.0,99.0,99.4,100.0
2025-01-17,100.0,99.0,100.0,100.0
2025-01-18,100.0,96.9,99.8,100.0
2025-01-19,100.0,93.5,100.0,100.0
2025-01-20,100.0,64.0,98.8,98.8
2025-01-21,100.0,65.2,100.0,100.0
2025-01-22,100.0,67.8,99.8,99.8
2025-01-23,100.0,81.9,87.1,92.5
2025-01-24,100.0,89.2,98.8,99.2
2025-01-25,100.0,96.5,100.0,100.0
2025-01-26,99.6,84.6,100.0,99.8
2025-01-27,100.0,75.3,99.8,99.8
2025-01-28,100.0,94.2,100.0,100.0
2025-01-29,100.0,88.1,99.4,100.0
2025-01-30,100.0,96.7,97.9,99.0
2025-01-31,100.0,98.8,100.0,100.0
2025-02-01,100.0,97.7,100.0,100.0
2025-02-02,100.0,96.2,98.7,99.6
2025-02-03,100.0,82.7,90.0,92.5
2025-02-04,100.0,98.8,100.0,100.0
2025-02-05,99.8,94.2,99.8,100.0
2025-02-06,95.4,100.0,99.6,99.6
2025-02-07,99.2,99.8,100.0,100.0
2025-02-08,100.0,100.0,99.8,100.0
2025-02-09,100.0,100.0,99.8,100.0
2025-02-10,99.2,100.0,100.0,100.0
2025-02-11,99.6,99.4,98.7,100.0
2025-02-12,85.4,97.9,96.0,94.8
2025-02-13,88.8,99.4,97.5,97.7
2025-02-14,89.4,99.2,98.1,98.1
2025-02-15,93.5,97.5,100.0,99.2
2025-02-16,89.2,89.8,100.0,96.9
2025-02-17,86.7,90.8,100.0,97.3
2025-02-18,74.7,85.0,100.0,91.6
2025-02-19,84.2,85.8,100.0,97.3
2025-02-20,80.6,92.1,100.0,97.3
2025-02-21,79.6,95.2,98.3,96.9
2025-02-22,86.6,93.1,100.0,99.0
2025-02-23,92.1,92.5,100.0,97.7
2025-02-24,85.8,86.0,100.0,93.3
2025-02-25,75.5,58.4,95.8,83.4
2025-02-26,76.6,83.5,98.5,90.8
2025-02-27,90.4,84.6,100.0,97.3
2025-02-28,83.1,80.0,99.6,90.2
2025-03-01,95.0,92.3,100.0,99.2
2025-03-02,81.5,82.7,100.0,91.0
2025-03-03,84.2,80.8,100.0,97.1
2025-03-04,85.4,100.0,100.0,100.0
2025-03-05,91.4,100.0,100.0,100.0
2025-03-06,82.7,100.0,100.0,100.0
2025-03-07,76.7,100.0,100.0,100.0
2025-03-08,79.6,100.0,100.0,100.0
2025-03-09,80.6,100.0,100.0,100.0
2025-03-10,81.4,100.0,100.0,100.0
2025-03-11,92.1,100.0,100.0,100.0
2025-03-12,89.8,100.0,100.0,100.0
2025-03-13,92.9,100.0,100.0,100.0
2025-03-14,94.4,100.0,100.0,100.0
2025-03-15,88.1,100.0,100.0,100.0
2025-03-16,96.7,100.0,100.0,100.0
2025-03-17,99.6,100.0,100.0,100.0
2025-03-18,100.0,100.0,100.0,100.0
2025-03-19,100.0,100.0,100.0,100.0
2025-03-20,100.0,100.0,100.0,100.0
2025-03-21,100.0,100.0,100.0,100.0
2025-03-22,100.0,100.0,100.0,100.0
2025-03-23,100.0,100.0,100.0,100.0
2025-03-24,100.0,100.0,100.0,100.0
2025-03-25,100.0,100.0,100.0,100.0
2025-03-26,100.0,100.0,100.0,100.0
2025-03-27,100.0,100.0,100.0,100.0
2025-03-28,100.0,100.0,100.0,100.0
2025-03-29,100.0,100.0,100.0,100.0
2025-03-30,100.0,100.0,100.0,100.0
2025-03-31,100.0,100.0,100.0,100.0
2025-04-01,100.0,100.0,100.0,100.0
2025-04-02,100.0,100.0,100.0,100.0
2025-04-03,100.0,100.0,100.0,100.0
2025-04-04,100.0,100.0,100.0,100.0
2025-04-05,100.0,100.0,100.0,100.0
2025-04-06,100.0,100.0,100.0,100.0
2025-04-07,100.0,100.0,98.3,100.0
2025-04-08,99.8,100.0,100.0,100.0
2025-04-09,97.5,100.0,100.0,100.0
2025-04-10,99.2,100.0,100.0,100.0
2025-04-11,99.8,100.0,100.0,100.0
2025-04-12,100.0,100.0,100.0,100.0
2025-04-13,99.2,100.0,100.0,100.0
2025-04-14,98.8,100.0,100.0,100.0
2025-04-15,100.0,100.0,99.4,100.0
2025-04-16,100.0,100.0,99.4,100.0
2025-04-17,100.0,100.0,100.0,100.0
2025-04-18,100.0,100.0,100.0,100.0
2025-04-19,100.0,100.0,100.0,100.0
2025-04-20,100.0,100.0,99.6,100.0
2025-04-21,100.0,100.0,100.0,100.0
2025-04-22,100.0,100.0,99.4,100.0
2025-04-23,100.0,100.0,99.4,100.0
2025-04-24,100.0,100.0,99.6,100.0
2025-04-25,99.8,100.0,99.8,99.8
2025-04-26,100.0,100.0,100.0,100.0
2025-04-27,99.8,100.0,100.0,100.0
2025-04-28,100.0,100.0,100.0,100.0
2025-04-29,98.8,100.0,100.0,100.0
2025-04-30,96.9,100.0,100.0,100.0
2025-05-01,97.7,100.0,100.0,100.0
2025-05-02,99.0,100.0,100.0,100.0
2025-05-03,99.8,100.0,100.0,100.0
2025-05-04,99.4,100.0,100.0,100.0
2025-05-05,98.8,100.0,100.0,100.0
2025-05-06,97.3,100.0,100.0,100.0
2025-05-07,98.8,100.0,100.0,100.0
2025-05-08,94.4,100.0,100.0,100.0
2025-05-09,96.0,100.0,100.0,100.0
2025-05-10,98.8,100.0,99.8,100.0
2025-05-11,95.0,100.0,99.6,100.0
2025-05-12,97.5,100.0,100.0,100.0
2025-05-13,100.0,100.0,100.0,100.0
2025-05-14,100.0,100.0,100.0,100.0
2025-05-15,100.0,100.0,100.0,100.0
2025-05-16,100.0,100.0,100.0,100.0
2025-05-17,100.0,100.0,100.0,100.0
2025-05-18,100.0,100.0,100.0,100.0
2025-05-19,99.8,100.0,100.0,100.0
2025-05-20,99.6,100.0,100.0,100.0
2025-05-21,99.4,100.0,99.8,99.8
2025-05-22,100.0,100.0,100.0,100.0
2025-05-23,99.4,100.0,100.0,100.0
2025-05-24,99.6,100.0,99.8,100.0
2025-05-25,98.3,100.0,100.0,100.0
2025-05-26,98.5,100.0,100.0,100.0
2025-05-27,99.0,100.0,100.0,100.0
2025-05-28,99.8,100.0,100.0,100.0
2025-05-29,99.8,100.0,99.6,100.0
2025-05-30,100.0,100.0,99.8,100.0
2025-05-31,100.0,100.0,95.0,100.0
2025-06-01,100.0,100.0,100.0,100.0
2025-06-02,100.0,100.0,99.6,100.0
2025-06-03,100.0,100.0,100.0,100.0
2025-06-04,100.0,100.0,100.0,100.0
2025-06-05,100.0,100.0,100.0,100.0
2025-06-06,100.0,100.0,99.8,100.0
2025-06-07,100.0,100.0,100.0,100.0
2025-06-08,100.0,100.0,100.0,100.0
2025-06-09,100.0,100.0,100.0,100.0
2025-06-10,100.0,100.0,100.0,100.0
2025-06-11,100.0,100.0,100.0,100.0
2025-06-12,100.0,100.0,100.0,100.0
2025-06-13,99.8,100.0,99.8,100.0
2025-06-14,100.0,100.0,99.8,100.0
2025-06-15,100.0,100.0,100.0,100.0
2025-06-16,100.0,100.0,100.0,100.0
2025-06-17,100.0,100.0,100.0,100.0
2025-06-18,100.0,100.0,100.0,100.0
2025-06-19,100.0,100.0,100.0,100.0
2025-06-20,100.0,100.0,100.0,100.0
2025-06-21,100.0,100.0,100.0,100.0
2025-06-22,100.0,100.0,100.0,100.0
2025-06-23,100.0,100.0,99.7,100.0
2025-06-24,100.0,100.0,100.0,100.0
2025-06-25,100.0,100.0,100.0,100.0
2025-06-26,100.0,100.0,100.0,100.0
2025-06-27,100.0,100.0,100.0,100.0
2025-06-28,100.0,100.0,99.3,100.0
2025-06-29,100.0,100.0,100.0,100.0
2025-06-30,100.0,100.0,99.7,100.0
2025-07-01,100.0,100.0,100.0,100.0
2025-07-02,100.0,100.0,100.0,100.0
2025-07-03,100.0,100.0,100.0,100.0
2025-07-04,100.0,100.0,100.0,100.0
2025-07-05,100.0,100.0,100.0,100.0
2025-07-06,100.0,100.0,100.0,100.0
2025-07-07,100.0,100.0,100.0,100.0
2025-07-08,100.0,100.0,100.0,100.0
2025-07-09,100.0,100.0,100.0,100.0
2025-07-10,100.0,100.0,93.4,100.0
2025-07-11,100.0,100.0,99.7,100.0
2025-07-12,100.0,100.0,98.6,100.0
2025-07-13,100.0,100.0,100.0,100.0
2025-07-14,100.0,100.0,99.3,100.0
2025-07-15,100.0,100.0,100.0,100.0
2025-07-16,100.0,99.7,99.7,100.0
2025-07-17,100.0,99.0,100.0,100.0
2025-07-18,100.0,99.7,100.0,100.0
2025-07-19,100.0,99.0,99.7,100.0
2025-07-20,100.0,100.0,100.0,100.0
2025-07-21,100.0,100.0,100.0,100.0
2025-07-22,100.0,100.0,100.0,100.0
2025-07-23,100.0,99.7,99.3,100.0
2025-07-24,100.0,100.0,100.0,100.0
2025-07-25,100.0,100.0,100.0,100.0
2025-07-26,100.0,100.0,100.0,100.0
2025-07-27,100.0,100.0,100.0,100.0
2025-07-28,100.0,99.7,100.0,100.0
2025-07-29,100.0,99.7,100.0,100.0
2025-07-30,99.7,98.3,100.0,100.0
2025-07-31,100.0,100.0,99.7,100.0
2025-08-01,100.0,99.3,99.7,100.0
2025-08-02,100.0,99.7,100.0,100.0
2025-08-03,100.0,99.7,99.7,100.0
2025-08-04,100.0,99.7,100.0,100.0
2025-08-05,100.0,100.0,100.0,100.0
2025-08-06,100.0,99.3,100.0,100.0
2025-08-07,100.0,100.0,100.0,100.0
2025-08-08,100.0,99.3,100.0,100.0
2025-08-09,100.0,99.7,100.0,100.0
2025-08-10,100.0,99.7,100.0,100.0
2025-08-11,100.0,99.7,100.0,100.0
2025-08-12,100.0,100.0,100.0,100.0
2025-08-13,100.0,100.0,100.0,100.0
2025-08-14,100.0,98.6,100.0,100.0
2025-08-15,100.0,100.0,100.0,100.0
2025-08-16,100.0,99.7,100.0,100.0
2025-08-17,100.0,100.0,100.0,100.0
2025-08-18,100.0,99.3,100.0,100.0
2025-08-19,100.0,99.7,100.0,100.0
2025-08-20,100.0,98.6,100.0,100.0
2025-08-21,100.0,100.0,100.0,100.0
2025-08-22,65.5,65.5,65.2,65.9
2025-08-23,0.0,0.0,0.0,0.0
2025-08-24,0.0,0.0,0.0,0.0
2025-08-25,19.8,41.0,5.2,19.8
2025-08-26,99.3,100.0,97.9,100.0
2025-08-27,100.0,100.0,99.3,100.0
2025-08-28,100.0,100.0,99.0,100.0
2025-08-29,100.0,100.0,99.3,100.0
2025-08-30,100.0,100.0,100.0,100.0
2025-08-31,100.0,100.0,99.7,100.0
2025-09-01,100.0,100.0,99.7,100.0
2025-09-02,100.0,99.0,100.0,100.0
2025-09-03,100.0,100.0,99.3,100.0
2025-09-04,100.0,100.0,100.0,100.0
2025-09-05,100.0,100.0,97.2,100.0
2025-09-06,100.0,100.0,100.0,100.0
2025-09-07,100.0,100.0,99.0,100.0
2025-09-08,100.0,100.0,99.0,100.0
2025-09-09,100.0,100.0,99.3,100.0
2025-09-10,100.0,100.0,99.0,100.0
2025-09-11,100.0,100.0,98.3,100.0
2025-09-12,100.0,100.0,99.3,100.0
2025-09-13,100.0,100.0,99.0,100.0
2025-09-14,100.0,100.0,97.2,100.0
2025-09-15,100.0,100.0,100.0,100.0
2025-09-16,87.5,100.0,99.7,100.0
2025-09-17,100.0,100.0,99.3,100.0
2025-09-18,100.0,100.0,98.6,100.0
2025-09-19,100.0,100.0,99.0,100.0
2025-09-20,100.0,100.0,100.0,100.0
2025-09-21,100.0,100.0,100.0,100.0
2025-09-22,100.0,100.0,99.7,100.0
2025-09-23,100.0,100.0,99.7,100.0
2025-09-24,100.0,99.3,99.7,100.0
2025-09-25,100.0,99.7,99.3,100.0
2025-09-26,100.0,100.0,98.3,100.0
2025-09-27,100.0,100.0,98.3,100.0
2025-09-28,100.0,100.0,98.3,100.0
2025-09-29,100.0,100.0,97.9,100.0
2025-09-30,100.0,100.0,99.3,100.0
2025-10-01,100.0,100.0,100.0,100.0
2025-10-02,100.0,100.0,100.0,100.0
2025-10-03,100.0,100.0,99.3,100.0
2025-10-04,100.0,100.0,99.3,100.0
2025-10-05,100.0,100.0,99.7,100.0
2025-10-06,100.0,100.0,99.7,100.0
2025-10-07,100.0,100.0,98.3,100.0
2025-10-08,100.0,100.0,99.7,100.0
2025-10-09,100.0,100.0,100.0,100.0
2025-10-10,100.0,100.0,94.8,100.0
2025-10-11,100.0,100.0,100.0,100.0
2025-10-12,100.0,100.0,99.7,100.0
2025-10-13,100.0,100.0,99.3,100.0
2025-10-14,100.0,100.0,99.7,100.0
2025-10-15,100.0,100.0,99.7,100.0
2025-10-16,100.0,100.0,96.9,100.0
2025-10-17,100.0,100.0,98.3,100.0
2025-10-18,100.0,100.0,99.3,100.0
2025-10-19,100.0,100.0,99.3,100.0
2025-10-20,100.0,100.0,99.7,100.0
2025-10-21,99.7,100.0,98.6,100.0
2025-10-22,100.0,100.0,97.2,100.0
2025-10-23,100.0,100.0,99.0,100.0
2025-10-24,100.0,100.0,98.6,100.0
2025-10-25,100.0,100.0,99.0,100.0
2025-10-26,100.0,99.3,99.7,100.0
2025-10-27,100.0,98.6,100.0,100.0
2025-10-28,100.0,99.7,100.0,100.0
2025-10-29,100.0,99.7,100.0,100.0
2025-10-30,100.0,99.3,100.0,100.0
2025-10-31,100.0,100.0,99.7,100.0
2025-11-01,100.0,100.0,100.0,100.0
2025-11-02,100.0,100.0,99.7,100.0
2025-11-03,100.0,99.0,100.0,100.0
2025-11-04,100.0,98.6,98.3,100.0
2025-11-05,100.0,100.0,99.3,100.0
2025-11-06,100.0,100.0,98.6,100.0
2025-11-07,100.0,100.0,98.6,100.0
2025-11-08,100.0,100.0,96.9,100.0
2025-11-09,100.0,100.0,99.3,100.0
2025-11-10,100.0,100.0,99.7,100.0
2025-11-11,100.0,100.0,99.7,100.0
2025-11-12,100.0,100.0,99.3,100.0
2025-11-13,100.0,99.0,99.3,100.0
2025-11-14,100.0,99.0,96.2,100.0
2025-11-15,100.0,99.3,99.0,100.0
2025-11-16,100.0,100.0,100.0,100.0
2025-11-17,100.0,100.0,98.6,100.0
2025-11-18,100.0,100.0,100.0,100.0
2025-11-19,100.0,100.0,100.0,100.0
2025-11-20,100.0,100.0,99.7,100.0
2025-11-21,100.0,100.0,100.0,100.0
2025-11-22,100.0,100.0,97.9,100.0
2025-11-23,100.0,100.0,99.7,100.0
2025-11-24,100.0,100.0,99.7,100.0
2025-11-25,100.0,100.0,99.7,100.0
2025-11-26,92.0,99.7,100.0,100.0
2025-11-27,100.0,99.0,98.3,100.0
2025-11-28,100.0,99.7,99.3,100.0
2025-11-29,100.0,100.0,99.0,100.0
2025-11-30,100.0,100.0,99.0,100.0
2025-12-01,98.6,100.0,99.7,100.0
2025-12-02,99.7,100.0,100.0,100.0
2025-12-03,100.0,100.0,100.0,100.0
2025-12-04,99.3,100.0,100.0,100.0
2025-12-05,20.8,100.0,98.3,98.6
2025-12-06,0.0,100.0,100.0,100.0
2025-12-07,0.0,100.0,99.7,99.7
2025-12-08,0.0,100.0,99.3,99.3
2025-12-09,0.0,100.0,99.7,99.7
2025-12-10,0.0,100.0,100.0,100.0
2025-12-11,62.2,100.0,100.0,100.0
2025-12-12,100.0,98.6,100.0,100.0
2025-12-13,99.7,100.0,100.0,100.0
2025-12-14,100.0,100.0,100.0,100.0
2025-12-15,100.0,100.0,100.0,100.0
2025-12-16,100.0,100.0,100.0,100.0
2025-12-17,100.0,100.0,100.0,100.0
2025-12-18,99.3,100.0,100.0,100.0
2025-12-19,99.7,100.0,97.9,99.7
2025-12-20,100.0,100.0,100.0,100.0
2025-12-21,100.0,100.0,100.0,100.0
2025-12-22,100.0,100.0,100.0,100.0
2025-12-23,100.0,100.0,100.0,100.0
2025-12-24,100.0,100.0,100.0,100.0
2025-12-25,100.0,100.0,100.0,100.0
2025-12-26,100.0,100.0,100.0,100.0
2025-12-27,99.7,100.0,100.0,100.0
2025-12-28,99.3,100.0,100.0,100.0
2025-12-29,99.7,100.0,100.0,100.0
2025-12-30,99.7,100.0,100.0,100.0
2025-12-31,100.0,100.0,99.3,100.0
2026-01-01,100.0,100.0,100.0,100.0
2026-01-02,100.0,100.0,100.0,100.0
2026-01-03,100.0,100.0,100.0,100.0
2026-01-04,100.0,100.0,100.0,100.0
2026-01-05,100.0,99.7,100.0,100.0
2026-01-06,100.0,99.7,99.0,100.0
2026-01-07,99.7,100.0,99.3,100.0
2026-01-08,100.0,100.0,100.0,100.0
2026-01-09,99.7,100.0,99.7,100.0
2026-01-10,100.0,100.0,100.0,100.0
2026-01-11,100.0,99.3,100.0,100.0
2026-01-12,100.0,100.0,100.0,100.0
2026-01-13,100.0,99.0,100.0,100.0
2026-01-14,100.0,23.6,100.0,100.0
2026-01-15,100.0,57.3,100.0,100.0
2026-01-16,100.0,100.0,100.0,100.0
2026-01-17,100.0,100.0,100.0,100.0
2026-01-18,100.0,100.0,100.0,100.0
2026-01-19,97.6,100.0,100.0,100.0
2026-01-20,97.9,100.0,99.7,100.0
2026-01-21,86.8,100.0,98.6,99.0
2026-01-22,93.4,100.0,99.7,100.0
2026-01-23,91.3,99.7,98.6,100.0
2026-01-24,88.5,99.3,99.7,100.0
2026-01-25,99.3,100.0,99.7,100.0
2026-01-26,86.8,100.0,95.5,97.6
2026-01-27,96.9,100.0,98.6,100.0
2026-01-28,98.6,100.0,100.0,100.0
2026-01-29,100.0,100.0,100.0,100.0
2026-01-30,100.0,100.0,100.0,100.0
2026-01-31,100.0,100.0,100.0,100.0
2026-02-01,100.0,100.0,100.0,100.0
2026-02-02,100.0,100.0,99.7,100.0
2026-02-03,100.0,99.7,97.9,100.0
2026-02-04,100.0,100.0,100.0,100.0
2026-02-05,99.7,100.0,100.0,100.0
2026-02-06,100.0,99.7,100.0,100.0
2026-02-07,100.0,100.0,100.0,100.0
2026-02-08,97.6,100.0,96.5,97.9
2026-02-09,100.0,100.0,100.0,100.0
2026-02-10,99.7,100.0,100.0,100.0
2026-02-11,95.5,99.7,100.0,100.0
2026-02-12,97.2,100.0,100.0,100.0
2026-02-13,96.9,100.0,100.0,100.0
2026-02-14,43.4,99.7,100.0,99.7
2026-02-15,0.0,100.0,100.0,100.0
2026-02-16,0.0,100.0,100.0,100.0
2026-02-17,0.0,100.0,100.0,100.0
2026-02-18,0.0,99.7,99.7,99.3
2026-02-19,0.0,100.0,100.0,100.0
2026-02-20,0.0,100.0,100.0,100.0
2026-02-21,0.0,100.0,100.0,100.0
2026-02-22,0.0,99.7,100.0,99.7
2026-02-23,0.0,100.0,98.3,98.3
2026-02-24,79.5,100.0,99.7,100.0
2026-02-25,100.0,100.0,100.0,100.0
2026-02-26,100.0,100.0,100.0,100.0
2026-02-27,100.0,99.3,100.0,100.0
2026-02-28,100.0,100.0,99.7,100.0
2026-03-01,100.0,99.7,100.0,100.0
2026-03-02,100.0,100.0,99.7,100.0
2026-03-03,100.0,100.0,100.0,100.0
2026-03-04,100.0,100.0,100.0,100.0
2026-03-05,99.3,99.3,100.0,100.0
2026-03-06,100.0,100.0,99.7,100.0
2026-03-07,100.0,100.0,100.0,100.0
2026-03-08,100.0,100.0,100.0,100.0
2026-03-09,100.0,100.0,100.0,100.0
2026-03-10,100.0,100.0,100.0,100.0
2026-03-11,100.0,100.0,100.0,100.0
2026-03-12,100.0,100.0,100.0,100.0
2026-03-13,99.7,99.7,99.7,100.0
2026-03-14,100.0,100.0,97.9,100.0
2026-03-15,100.0,100.0,100.0,100.0
2026-03-16,100.0,100.0,100.0,100.0
2026-03-17,100.0,100.0,100.0,100.0
2026-03-18,99.3,100.0,100.0,100.0
2026-03-19,100.0,100.0,98.6,100.0
2026-03-20,99.7,100.0,100.0,100.0
2026-03-21,100.0,100.0,100.0,100.0
2026-03-22,100.0,100.0,100.0,100.0
2026-03-23,100.0,100.0,100.0,100.0
2026-03-24,100.0,99.0,100.0,100.0
2026-03-25,100.0,100.0,99.3,100.0
2026-03-26,100.0,100.0,100.0,100.0
2026-03-27,100.0,100.0,100.0,100.0
2026-03-28,100.0,100.0,100.0,100.0
2026-03-29,100.0,100.0,99.7,100.0
2026-03-30,100.0,100.0,100.0,100.0
2026-03-31,100.0,100.0,100.0,100.0
2026-04-01,100.0,100.0,100.0,100.0
2026-04-02,100.0,100.0,100.0,100.0
2026-04-03,100.0,100.0,100.0,100.0
2026-04-04,100.0,100.0,100.0,100.0
2026-04-05,100.0,100.0,100.0,100.0
2026-04-06,100.0,100.0,100.0,100.0
2026-04-07,100.0,100.0,100.0,100.0
2026-04-08,100.0,100.0,100.0,100.0
2026-04-09,99.7,100.0,99.3,100.0
2026-04-10,100.0,100.0,100.0,100.0
2026-04-11,100.0,100.0,100.0,100.0
2026-04-12,100.0,100.0,100.0,100.0
2026-04-13,100.0,100.0,100.0,100.0
2026-04-14,100.0,100.0,100.0,100.0
2026-04-15,100.0,100.0,100.0,100.0
2026-04-16,100.0,94.1,100.0,100.0
2026-04-17,100.0,100.0,100.0,100.0
2026-04-18,100.0,100.0,100.0,100.0
2026-04-19,100.0,100.0,100.0,100.0
2026-04-20,100.0,100.0,100.0,100.0
2026-04-21,100.0,100.0,100.0,100.0
2026-04-22,99.7,99.7,99.3,100.0
2026-04-23,100.0,100.0,100.0,100.0
2026-04-24,100.0,100.0,92.4,100.0
2026-04-25,100.0,100.0,100.0,100.0
2026-04-26,100.0,100.0,97.9,100.0
2026-04-27,100.0,100.0,100.0,100.0
2026-04-28,100.0,100.0,100.0,100.0
2026-04-29,100.0,100.0,100.0,100.0
2026-04-30,100.0,100.0,100.0,100.0
2026-05-01,100.0,100.0,100.0,100.0
2026-05-02,100.0,100.0,91.3,100.0
2026-05-03,100.0,100.0,13.9,100.0
2026-05-04,100.0,100.0,0.0,100.0
2026-05-05,100.0,100.0,0.0,100.0
2026-05-06,100.0,100.0,53.8,100.0
2026-05-07,100.0,100.0,99.3,100.0
2026-05-08,100.0,100.0,100.0,100.0
2026-05-09,100.0,100.0,100.0,100.0
2026-05-10,100.0,100.0,100.0,100.0
2026-05-11,100.0,100.0,100.0,100.0
2026-05-12,100.0,100.0,100.0,100.0
2026-05-13,100.0,100.0,99.3,100.0
2026-05-14,98.3,99.7,95.8,100.0
2026-05-15,99.7,100.0,100.0,100.0
2026-05-16,100.0,100.0,100.0,100.0
2026-05-17,100.0,100.0,100.0,100.0
2026-05-18,100.0,100.0,100.0,100.0
2026-05-19,100.0,100.0,99.7,100.0
2026-05-20,97.6,100.0,100.0,100.0
2026-05-21,97.2,100.0,99.7,100.0
2026-05-22,99.3,99.0,99.7,100.0
2026-05-23,100.0,100.0,100.0,100.0
2026-05-24,100.0,100.0,100.0,100.0
2026-05-25,100.0,100.0,100.0,100.0
2026-05-26,100.0,100.0,100.0,100.0
2026-05-27,97.6,100.0,100.0,100.0
2026-05-28,99.7,99.7,100.0,100.0
2026-05-29,97.6,100.0,95.1,100.0
2026-05-30,97.9,100.0,83.7,99.3
2026-05-31,99.0,100.0,82.3,99.7
2026-06-01,96.2,100.0,85.1,99.7
2026-06-02,100.0,100.0,98.6,100.0
2026-06-03,100.0,99.0,87.8,100.0
2026-06-04,99.3,100.0,0.0,99.3
2026-06-05,99.3,100.0,0.0,99.3
2026-06-06,100.0,100.0,0.0,100.0
2026-06-07,100.0,100.0,90.3,100.0
2026-06-08,100.0,100.0,100.0,100.0
2026-06-09,100.0,99.0,85.1,99.7
2026-06-10,99.7,99.7,71.2,99.3
2026-06-11,99.0,100.0,92.7,100.0
2026-06-12,99.7,100.0,95.8,99.7
2026-06-13,100.0,100.0,98.6,100.0
2026-06-14,100.0,100.0,99.0,100.0
2026-06-15,59.0,100.0,73.3,79.5
2026-06-16,89.2,99.7,86.1,96.2
2026-06-17,88.2,100.0,89.6,96.9
2026-06-18,98.3,95.8,99.3,99.3
2026-06-19,100.0,96.5,99.3,100.0
2026-06-20,100.0,100.0,100.0,100.0
2026-06-21,100.0,100.0,100.0,100.0
2026-06-22,100.0,100.0,95.5,100.0
2026-06-23,99.0,100.0,85.8,99.7
2026-06-24,100.0,95.8,98.6,100.0
2026-06-25,97.2,100.0,100.0,100.0
2026-06-26,94.4,100.0,100.0,100.0
2026-06-27,99.0,100.0,96.5,100.0
2026-06-28,97.9,100.0,54.9,98.6
2026-06-29,97.2,100.0,54.5,97.9
2026-06-30,91.7,100.0,100.0,100.0
2026-07-01,96.5,100.0,99.7,100.0
2026-07-02,95.8,100.0,100.0,100.0
2026-07-03,100.0,99.7,99.7,100.0
2026-07-04,98.6,100.0,100.0,100.0
2026-07-05,100.0,100.0,96.9,100.0
2026-07-06,100.0,100.0,100.0,100.0
2026-07-07,95.1,100.0,100.0,100.0
2026-07-08,97.9,100.0,100.0,100.0
2026-07-09,97.9,100.0,100.0,100.0
2026-07-10,93.7,100.0,100.0,100.0
2026-07-11,99.3,100.0,100.0,100.0
2026-07-12,100.0,100.0,100.0,100.0
2026-07-13,100.0,100.0,97.9,100.0
2026-07-14,94.8,99.0,65.3,95.1
2026-07-15,97.2,100.0,97.6,99.7
2026-07-16,98.6,100.0,98.3,99.0
2026-07-17,99.0,100.0,100.0,100.0
2026-07-18,99.0,100.0,100.0,100.0
2026-07-19,100.0,100.0,100.0,100.0
2026-07-20,100.0,100.0,100.0,100.0
2026-07-21,99.7,100.0,100.0,100.0
2026-07-22,67.7,67.7,67.7,67.7
2026-07-23,0.0,0.0,0.0,0.0
2026-07-24,0.0,0.0,0.0,0.0
2026-07-25,0.0,0.0,0.0,0.0
2026-07-26,0.0,0.0,0.0,0.0
2026-07-27,0.0,0.0,0.0,0.0
2026-07-28,0.0,0.0,0.0,0.0
2026-07-29,0.0,0.0,0.0,0.0
2026-07-30,0.0,0.0,0.0,0.0
2026-07-31,0.0,0.0,0.0,0.0
2026-08-01,0.0,0.0,0.0,0.0
2026-08-02,0.0,0.0,0.0,0.0
2026-08-03,0.0,0.0,0.0,0.0
2026-08-04,0.0,0.0,0.0,0.0
2026-08-05,0.0,0.0,0.0,0.0
2026-08-06,0.0,0.0,0.0,0.0
2026-08-07,0.0,0.0,0.0,0.0
2026-08-08,0.0,0.0,0.0,0.0
2026-08-09,0.0,0.0,0.0,0.0
2026-08-10,0.0,0.0,0.0,0.0
2026-08-11,0.0,0.0,0.0,0.0
2026-08-12,0.0,0.0,0.0,0.0
2026-08-13,0.0,0.0,0.0,0.0
2026-08-14,0.0,0.0,0.0,0.0
2026-08-15,0.0,0.0,0.0,0.0
2026-08-16,0.0,0.0,0.0,0.0
2026-08-17,0.0,0.0,0.0,0.0
2026-08-18,0.0,0.0,0.0,0.0
2026-08-19,0.0,0.0,0.0,0.0
2026-08-20,0.0,0.0,0.0,0.0
2026-08-21,0.0,0.0,0.0,0.0
2026-08-22,0.0,0.0,0.0,0.0
2026-08-23,0.0,0.0,0.0,0.0
2026-08-24,0.0,0.0,0.0,0.0
2026-08-25,0.0,0.0,0.0,0.0
2026-08-26,0.0,0.0,0.0,0.0
2026-08-27,0.0,0.0,0.0,0.0
2026-08-28,0.0,0.0,0.0,0.0
2026-08-29,0.0,0.0,0.0,0.0
2026-08-30,0.0,0.0,0.0,0.0
2026-08-31,0.0,0.0,0.0,0.0
2026-09-01,0.0,0.0,0.0,0.0
2026-09-02,0.0,0.0,0.0,0.0
2026-09-03,0.0,0.0,0.0,0.0
2026-09-04,0.0,0.0,0.0,0.0
2026-09-05,0.0,0.0,0.0,0.0
2026-09-06,0.0,0.0,0.0,0.0
2026-09-07,0.0,0.0,0.0,0.0
2026-09-08,0.0,0.0,0.0,0.0
2026-09-09,0.0,0.0,0.0,0.0
2026-09-10,0.0,0.0,0.0,0.0
2026-09-11,0.0,0.0,0.0,0.0
2026-09-12,0.0,0.0,0.0,0.0
2026-09-13,0.0,0.0,0.0,0.0
2026-09-14,0.0,0.0,0.0,0.0
2026-09-15,0.0,0.0,0.0,0.0
2026-09-16,0.0,0.0,0.0,0.0
2026-09-17,0.0,0.0,0.0,0.0
2026-09-18,0.0,0.0,0.0,0.0
2026-09-19,0.0,0.0,0.0,0.0
2026-09-20,0.0,0.0,0.0,0.0
2026-09-21,0.0,0.0,0.0,0.0
2026-09-22,0.0,0.0,0.0,0.0
2026-09-23,0.0,0.0,0.0,0.0
2026-09-24,0.0,0.0,0.0,0.0
2026-09-25,0.0,0.0,0.0,0.0
2026-09-26,0.0,0.0,0.0,0.0
2026-09-27,0.0,0.0,0.0,0.0
2026-09-28,0.0,0.0,0.0,0.0
2026-09-29,0.0,0.0,0.0,0.0
2026-09-30,0.0,0.0,0.0,0.0
