signal,organization,episode_start,episode_end,signal_days,next_outcome,days_to_outcome,class_at_365_days
S1,Stellar Development Foundation,2020-02-22,2020-02-23,2,2020-04-23,61,WARNING
S1,Stellar Development Foundation,2020-04-23,2020-04-24,2,2020-04-23,0,WARNING
S1,Stellar Development Foundation,2020-05-03,2020-05-31,17,2020-05-10,7,WARNING
S1,Stellar Development Foundation,2021-04-06,2021-04-06,1,2021-04-06,0,INCIDENT
S1,Stellar Development Foundation,2021-12-09,2021-12-10,2,,,FALSE ALARM
S1,Stellar Development Foundation,2021-12-20,2021-12-21,2,,,FALSE ALARM
S1,Stellar Development Foundation,2023-09-14,2023-09-14,1,,,FALSE ALARM
S1,Stellar Development Foundation,2026-04-17,2026-04-17,1,,,FALSE ALARM
S1,Public Node,2023-06-05,2023-06-05,1,,,FALSE ALARM
S1,Public Node,2023-09-13,2023-09-14,2,,,FALSE ALARM
S1,Public Node,2024-11-28,2024-11-29,2,,,FALSE ALARM
S1,Public Node,2024-12-07,2024-12-08,2,,,FALSE ALARM
S1,Public Node,2024-12-16,2024-12-21,4,,,FALSE ALARM
S1,Public Node,2025-06-07,2025-06-07,1,,,FALSE ALARM
S1,Public Node,2025-07-04,2025-07-06,3,,,FALSE ALARM
S1,Public Node,2025-12-15,2025-12-18,4,,,FALSE ALARM
S1,Public Node,2026-02-05,2026-02-05,1,,,FALSE ALARM
S1,Public Node,2026-05-29,2026-05-30,2,,,FALSE ALARM
S1,SatoshiPay,2020-01-02,2020-01-02,1,2020-05-31,150,WARNING
S1,SatoshiPay,2020-04-20,2020-06-02,28,2020-05-31,41,WARNING
S1,SatoshiPay,2020-12-23,2020-12-24,2,2021-09-01,252,WARNING
S1,SatoshiPay,2021-01-05,2021-01-06,2,2021-09-01,239,WARNING
S1,SatoshiPay,2021-01-25,2021-01-31,3,2021-09-01,219,WARNING
S1,SatoshiPay,2021-03-20,2021-03-20,1,2021-09-01,165,WARNING
S1,SatoshiPay,2021-04-04,2021-04-04,1,2021-09-01,150,WARNING
S1,SatoshiPay,2021-04-20,2021-07-12,53,2021-09-01,134,WARNING
S1,SatoshiPay,2021-07-21,2021-07-23,2,2021-09-01,42,WARNING
S1,SatoshiPay,2021-08-01,2021-08-16,8,2021-09-01,31,WARNING
S1,SatoshiPay,2021-08-25,2021-09-14,11,2021-09-01,7,WARNING
S1,SatoshiPay,2021-10-01,2021-10-13,6,2021-10-13,12,WARNING
S1,SatoshiPay,2023-08-16,2023-08-29,11,2024-02-14,182,WARNING
S1,SatoshiPay,2023-09-14,2023-09-14,1,2024-02-14,153,WARNING
S1,SatoshiPay,2023-11-21,2023-11-22,2,2024-02-14,85,WARNING
S1,SatoshiPay,2023-12-13,2023-12-13,1,2024-02-14,63,WARNING
S1,SatoshiPay,2024-01-02,2024-01-19,7,2024-02-14,43,WARNING
S1,SatoshiPay,2024-01-30,2024-02-14,10,2024-02-14,15,WARNING
S1,SatoshiPay,2024-02-28,2024-02-28,1,2025-02-18,356,WARNING
S1,SatoshiPay,2024-04-09,2024-04-09,1,2025-02-18,315,WARNING
S1,SatoshiPay,2024-04-25,2024-04-25,1,2025-02-18,299,WARNING
S1,SatoshiPay,2024-12-17,2024-12-17,1,2025-02-18,63,WARNING
S1,SatoshiPay,2025-01-20,2025-02-03,10,2025-02-18,29,WARNING
S1,SatoshiPay,2025-02-12,2025-03-15,26,2025-02-18,6,WARNING
S1,SatoshiPay,2025-08-22,2025-08-25,4,2025-08-22,0,WARNING
S1,SatoshiPay,2025-09-16,2025-09-16,1,2026-07-14,301,WARNING
S1,SatoshiPay,2025-12-05,2025-12-11,7,2026-07-14,221,WARNING
S1,SatoshiPay,2026-01-14,2026-01-26,5,2026-07-14,181,WARNING
S1,SatoshiPay,2026-02-08,2026-02-24,12,2026-07-14,156,WARNING
S1,SatoshiPay,2026-05-03,2026-05-06,4,2026-07-14,72,WARNING
S1,SatoshiPay,2026-05-30,2026-06-29,15,2026-07-14,45,WARNING
S1,SatoshiPay,2026-07-14,2026-07-14,1,2026-07-14,0,INCIDENT
S1,Figure Certificate Company,2026-09-09,2026-09-09,1,,,FALSE ALARM
S1,Wirex Limited,2021-02-13,2021-02-13,1,2022-07-13,515,FALSE ALARM
S1,Wirex Limited,2021-06-15,2021-06-15,1,2022-07-13,393,FALSE ALARM
S1,Wirex Limited,2021-11-03,2021-11-10,2,2022-07-13,252,WARNING
S1,Wirex Limited,2022-04-30,2022-05-04,2,2022-07-13,74,WARNING
S1,Wirex Limited,2022-05-18,2022-05-18,1,2022-07-13,56,WARNING
S1,Wirex Limited,2022-06-07,2022-06-07,1,2022-07-13,36,WARNING
S1,Wirex Limited,2022-07-10,2022-07-15,6,2022-07-13,3,WARNING
S1,Wirex Limited,2022-07-24,2022-08-08,11,2022-07-26,2,WARNING
S1,Wirex Limited,2022-12-02,2022-12-13,7,2022-12-13,11,WARNING
S1,Whalestack LLC,2020-01-08,2020-01-08,1,2025-01-09,1828,FALSE ALARM
S1,Whalestack LLC,2020-01-30,2020-01-30,1,2025-01-09,1806,FALSE ALARM
S1,Whalestack LLC,2020-02-09,2020-02-09,1,2025-01-09,1796,FALSE ALARM
S1,Whalestack LLC,2020-06-02,2020-06-02,1,2025-01-09,1682,FALSE ALARM
S1,Whalestack LLC,2021-06-17,2021-06-17,1,2025-01-09,1302,FALSE ALARM
S1,Whalestack LLC,2022-12-16,2022-12-16,1,2025-01-09,755,FALSE ALARM
S1,Whalestack LLC,2023-05-05,2023-05-05,1,2025-01-09,615,FALSE ALARM
S1,Whalestack LLC,2024-04-06,2024-04-06,1,2025-01-09,278,WARNING
S1,Creit Technologies LLP,2025-06-23,2025-06-23,1,,,FALSE ALARM
S1,Creit Technologies LLP,2025-09-10,2025-09-18,9,,,FALSE ALARM
S1,Creit Technologies LLP,2026-02-05,2026-02-05,1,,,FALSE ALARM
S1,LOBSTR,2019-09-01,2019-09-24,24,2021-04-06,583,FALSE ALARM
S1,LOBSTR,2019-10-02,2019-10-03,2,2021-04-06,552,FALSE ALARM
S1,LOBSTR,2019-11-01,2019-11-03,2,2021-04-06,522,FALSE ALARM
S1,LOBSTR,2020-07-09,2020-07-09,1,2021-04-06,271,WARNING
S1,LOBSTR,2020-10-12,2020-10-12,1,2021-04-06,176,WARNING
S1,LOBSTR,2021-04-06,2021-04-08,2,2021-04-06,0,INCIDENT
S1,LOBSTR,2021-12-20,2021-12-20,1,,,FALSE ALARM
S1,LOBSTR,2022-02-07,2022-02-07,1,,,FALSE ALARM
S1,LOBSTR,2022-02-28,2022-02-28,1,,,FALSE ALARM
S1,LOBSTR,2022-04-02,2022-04-02,1,,,FALSE ALARM
S1,LOBSTR,2022-05-05,2022-05-05,1,,,FALSE ALARM
S1,LOBSTR,2022-05-17,2022-05-17,1,,,FALSE ALARM
S1,LOBSTR,2022-08-19,2022-08-23,5,,,FALSE ALARM
S1,LOBSTR,2023-06-03,2023-06-03,1,,,FALSE ALARM
S1,LOBSTR,2023-07-03,2023-07-03,1,,,FALSE ALARM
S1,LOBSTR,2024-02-24,2024-02-25,2,,,FALSE ALARM
S1,LOBSTR,2024-12-02,2024-12-03,2,,,FALSE ALARM
S1,LOBSTR,2025-02-03,2025-02-06,2,,,FALSE ALARM
S1,LOBSTR,2025-02-25,2025-02-25,1,,,FALSE ALARM
S1,LOBSTR,2025-04-24,2025-04-24,1,,,FALSE ALARM
S1,LOBSTR,2025-12-22,2026-01-09,16,,,FALSE ALARM
S1,Franklin Templeton,2023-04-25,2023-04-27,3,,,FALSE ALARM
S1,Franklin Templeton,2023-09-14,2023-09-15,2,,,FALSE ALARM
S1,Franklin Templeton,2023-10-03,2023-10-10,8,,,FALSE ALARM
S1,Franklin Templeton,2023-11-22,2023-12-04,13,,,FALSE ALARM
S1,Franklin Templeton,2024-07-19,2024-07-19,1,,,FALSE ALARM
S1,Franklin Templeton,2024-11-15,2024-11-19,5,,,FALSE ALARM
S1,Franklin Templeton,2024-11-27,2024-11-27,1,,,FALSE ALARM
S1,Franklin Templeton,2025-11-07,2025-11-07,1,,,FALSE ALARM
S1,Blockdaemon Inc.,2020-05-03,2020-05-11,5,,,FALSE ALARM
S1,Blockdaemon Inc.,2020-05-21,2020-05-21,1,,,FALSE ALARM
S1,Blockdaemon Inc.,2020-07-02,2020-07-06,3,,,FALSE ALARM
S1,Blockdaemon Inc.,2021-01-06,2021-01-06,1,,,FALSE ALARM
S1,Blockdaemon Inc.,2026-02-06,2026-02-06,1,,,FALSE ALARM
S1,MoneyGram,2026-10-01,2026-10-01,1,,,FALSE ALARM
S1,Keybase,2019-08-31,2019-09-04,5,2022-03-13,925,FALSE ALARM
S1,Keybase,2021-08-26,2021-08-27,2,2022-03-13,199,WARNING
S1,Keybase,2021-10-11,2021-10-13,3,2022-03-13,153,WARNING
S1,Keybase,2021-11-18,2022-02-19,82,2022-03-13,115,WARNING
S2,Stellar Development Foundation,2020-05-07,2020-05-29,23,2020-05-10,3,WARNING
S2,SatoshiPay,2020-05-09,2020-06-06,25,2020-05-31,22,WARNING
S2,SatoshiPay,2021-04-23,2021-05-14,17,2021-09-01,131,WARNING
S2,SatoshiPay,2021-05-25,2021-05-26,2,2021-09-01,99,WARNING
S2,SatoshiPay,2021-06-10,2021-06-16,7,2021-09-01,83,WARNING
S2,SatoshiPay,2021-08-04,2021-08-08,5,2021-09-01,28,WARNING
S2,SatoshiPay,2021-09-12,2021-09-18,7,2021-10-13,31,WARNING
S2,SatoshiPay,2023-08-24,2023-08-29,6,2024-02-14,174,WARNING
S2,SatoshiPay,2024-01-04,2024-01-08,5,2024-02-14,41,WARNING
S2,SatoshiPay,2024-02-01,2024-02-18,15,2024-02-14,13,WARNING
S2,SatoshiPay,2025-02-14,2025-03-06,21,2025-02-18,4,WARNING
S2,SatoshiPay,2025-08-24,2025-08-29,6,2026-07-14,324,WARNING
S2,SatoshiPay,2026-06-17,2026-06-21,5,2026-07-14,27,WARNING
S2,Creit Technologies LLP,2025-09-15,2025-09-22,8,,,FALSE ALARM
S2,Blockdaemon Inc.,2020-05-08,2020-05-14,7,,,FALSE ALARM
S3,Stellar Development Foundation,2020-04-24,2020-04-24,1,2020-04-23,-1,WARNING
S3,Stellar Development Foundation,2021-04-06,2021-04-06,1,2021-04-06,0,INCIDENT
S3,Stellar Development Foundation,2023-09-14,2023-09-14,1,,,FALSE ALARM
S3,Public Node,2025-07-05,2025-07-05,1,,,FALSE ALARM
S3,SatoshiPay,2021-04-22,2021-04-24,3,2021-09-01,132,WARNING
S3,SatoshiPay,2021-09-01,2021-09-01,1,2021-09-01,0,WARNING
S3,SatoshiPay,2021-09-10,2021-09-14,5,2021-10-13,33,WARNING
S3,SatoshiPay,2021-10-03,2021-10-03,1,2021-10-13,10,WARNING
S3,SatoshiPay,2023-08-21,2023-08-29,9,2024-02-14,177,WARNING
S3,SatoshiPay,2024-02-14,2024-02-14,1,2024-02-14,0,INCIDENT
S3,SatoshiPay,2025-02-25,2025-02-25,1,2025-08-22,178,WARNING
S3,SatoshiPay,2025-08-22,2025-08-25,4,2025-08-22,0,WARNING
S3,SatoshiPay,2025-12-06,2025-12-10,5,2026-07-14,220,WARNING
S3,SatoshiPay,2026-02-15,2026-02-23,9,2026-07-14,149,WARNING
S3,SatoshiPay,2026-05-04,2026-05-05,2,2026-07-14,71,WARNING
S3,SatoshiPay,2026-06-04,2026-06-06,3,2026-07-14,40,WARNING
S3,SatoshiPay,2026-06-15,2026-06-15,1,2026-07-14,29,WARNING
S3,Wirex Limited,2022-07-11,2022-07-14,4,2022-07-13,2,WARNING
S3,Wirex Limited,2022-07-25,2022-07-28,4,2022-07-26,1,WARNING
S3,Wirex Limited,2022-12-06,2022-12-13,5,2022-12-13,7,WARNING
S3,Creit Technologies LLP,2025-06-23,2025-06-23,1,,,FALSE ALARM
S3,LOBSTR,2019-09-02,2019-09-23,22,2021-04-06,582,FALSE ALARM
S3,LOBSTR,2021-04-06,2021-04-06,1,2021-04-06,0,INCIDENT
S3,LOBSTR,2022-08-20,2022-08-22,3,,,FALSE ALARM
S3,LOBSTR,2025-12-23,2026-01-04,13,,,FALSE ALARM
S3,Franklin Templeton,2023-04-26,2023-04-27,2,,,FALSE ALARM
S3,Franklin Templeton,2023-10-04,2023-10-07,3,,,FALSE ALARM
S3,Franklin Templeton,2023-11-23,2023-12-03,5,,,FALSE ALARM
S3,Franklin Templeton,2024-11-16,2024-11-18,3,,,FALSE ALARM
S3,Keybase,2019-09-01,2019-09-04,4,2022-03-13,924,FALSE ALARM
S3,Keybase,2021-10-11,2021-10-12,2,2022-03-13,153,WARNING
S3,Keybase,2022-01-08,2022-01-08,1,2022-03-13,64,WARNING
